source_url,retrieved_at,source_category,prompt_id,title,prompt_url,duplicate_in_source,source_highlight
http://www.city.nanyo.yamagata.jp/dxchosei/5793,2026-07-12T01:28:53.056856+00:00,未分類,370,ＡＩを使って、希望のプロンプトを探す,https://nanyo-city.jpn.org/download_prompt/download.php?download=370,no,yes
http://www.city.nanyo.yamagata.jp/dxchosei/5793,2026-07-12T01:28:53.056856+00:00,未分類,656,１文でOK、あとはAIにお任せ（自立駆動型）プロンプト,https://nanyo-city.jpn.org/download_prompt/download.php?download=656,no,yes
http://www.city.nanyo.yamagata.jp/dxchosei/5793,2026-07-12T01:28:53.056856+00:00,未分類,583,やりたいことをプロンプトに変換する,https://nanyo-city.jpn.org/download_prompt/download.php?download=583,no,yes
http://www.city.nanyo.yamagata.jp/dxchosei/5793,2026-07-12T01:28:53.056856+00:00,未分類,799,役職別・思考訓練設計プロンプト,https://nanyo-line.github.io/prompt/799.html,no,yes
http://www.city.nanyo.yamagata.jp/dxchosei/5793,2026-07-12T01:28:53.056856+00:00,未分類,539,生成AI対話エージェント,https://nanyo-city.jpn.org/download_prompt/download.php?download=539,no,yes
http://www.city.nanyo.yamagata.jp/dxchosei/5793,2026-07-12T01:28:53.056856+00:00,未分類,622,ユーザー部門別生成AI活用シナリオ＆推奨プロンプト作成,https://nanyo-city.jpn.org/download_prompt/download.php?download=622,no,yes
http://www.city.nanyo.yamagata.jp/dxchosei/5793,2026-07-12T01:28:53.056856+00:00,未分類,573,ファクトチェック支援,https://nanyo-city.jpn.org/download_prompt/download.php?download=573,yes,yes
http://www.city.nanyo.yamagata.jp/dxchosei/5793,2026-07-12T01:28:53.056856+00:00,未分類,801,良いたたき台をつくるプロンプト,https://nanyo-line.github.io/prompt/801.html,no,yes
http://www.city.nanyo.yamagata.jp/dxchosei/5793,2026-07-12T01:28:53.056856+00:00,未分類,802,AIを使うのが不安な方向けのプロンプト,https://nanyo-line.github.io/prompt/802.html,no,yes
http://www.city.nanyo.yamagata.jp/dxchosei/5793,2026-07-12T01:28:53.056856+00:00,未分類,803,選択（判断）に迷った時に使うプロンプト,https://nanyo-line.github.io/prompt/803.html,no,yes
http://www.city.nanyo.yamagata.jp/dxchosei/5793,2026-07-12T01:28:53.056856+00:00,文章作成・要約,5,文章案を作成,https://nanyo-city.jpn.org/download_prompt/download.php?download=5,no,no
http://www.city.nanyo.yamagata.jp/dxchosei/5793,2026-07-12T01:28:53.056856+00:00,文章作成・要約,284,季節と状況に応じたビジネス定型文作成,https://nanyo-city.jpn.org/download_prompt/download.php?download=284,no,no
http://www.city.nanyo.yamagata.jp/dxchosei/5793,2026-07-12T01:28:53.056856+00:00,文章作成・要約,518,最高のビジネスライティング,https://nanyo-city.jpn.org/download_prompt/download.php?download=518,no,no
http://www.city.nanyo.yamagata.jp/dxchosei/5793,2026-07-12T01:28:53.056856+00:00,文章作成・要約,56,新聞記事・学校新聞・学校だよりなどの原稿を作成する,https://nanyo-city.jpn.org/download_prompt/download.php?download=56,no,no
http://www.city.nanyo.yamagata.jp/dxchosei/5793,2026-07-12T01:28:53.056856+00:00,文章作成・要約,118,ホームページなどのサービス説明文章を作成する,https://nanyo-city.jpn.org/download_prompt/download.php?download=118,no,no
http://www.city.nanyo.yamagata.jp/dxchosei/5793,2026-07-12T01:28:53.056856+00:00,文章作成・要約,307,参加者を魅了するワークショップ告知文の作成,https://nanyo-city.jpn.org/download_prompt/download.php?download=307,no,no
http://www.city.nanyo.yamagata.jp/dxchosei/5793,2026-07-12T01:28:53.056856+00:00,文章作成・要約,120,具体的な成果につながるコンテンツを制作する,https://nanyo-city.jpn.org/download_prompt/download.php?download=120,no,no
http://www.city.nanyo.yamagata.jp/dxchosei/5793,2026-07-12T01:28:53.056856+00:00,文章作成・要約,121,インフォグラフィック用テキスト作成,https://nanyo-city.jpn.org/download_prompt/download.php?download=121,no,no
http://www.city.nanyo.yamagata.jp/dxchosei/5793,2026-07-12T01:28:53.056856+00:00,文章作成・要約,552,エモーショナルライティングによる文章の感情的訴求力の向上,https://nanyo-city.jpn.org/download_prompt/download.php?download=552,no,no
http://www.city.nanyo.yamagata.jp/dxchosei/5793,2026-07-12T01:28:53.056856+00:00,文章作成・要約,114,複数の文章を統合し、一貫性のある文章を作る,https://nanyo-city.jpn.org/download_prompt/download.php?download=114,no,no
http://www.city.nanyo.yamagata.jp/dxchosei/5793,2026-07-12T01:28:53.056856+00:00,文章作成・要約,822,文章の「迷子ポイント」検出・解消プロンプト,https://nanyo-line.github.io/prompt/822.html,no,no
http://www.city.nanyo.yamagata.jp/dxchosei/5793,2026-07-12T01:28:53.056856+00:00,文章作成・要約,21,メンバー周知用文書の作成,https://nanyo-city.jpn.org/download_prompt/download.php?download=21,no,no
http://www.city.nanyo.yamagata.jp/dxchosei/5793,2026-07-12T01:28:53.056856+00:00,文章作成・要約,320,ターゲットに向けたICTツール活用ガイド,https://nanyo-city.jpn.org/download_prompt/download.php?download=320,no,no
http://www.city.nanyo.yamagata.jp/dxchosei/5793,2026-07-12T01:28:53.056856+00:00,文章作成・要約,386,行政手続き案内パンフレットの作成とデザイン,https://nanyo-city.jpn.org/download_prompt/download.php?download=386,no,no
http://www.city.nanyo.yamagata.jp/dxchosei/5793,2026-07-12T01:28:53.056856+00:00,文章作成・要約,576,AIDA法に基づいた広報文生成,https://nanyo-city.jpn.org/download_prompt/download.php?download=576,no,no
http://www.city.nanyo.yamagata.jp/dxchosei/5793,2026-07-12T01:28:53.056856+00:00,文章作成・要約,579,希少性と緊急性を活用した広報文,https://nanyo-city.jpn.org/download_prompt/download.php?download=579,no,no
http://www.city.nanyo.yamagata.jp/dxchosei/5793,2026-07-12T01:28:53.056856+00:00,文章作成・要約,580,社会的証明を活用した効果的な広報文作成,https://nanyo-city.jpn.org/download_prompt/download.php?download=580,no,no
http://www.city.nanyo.yamagata.jp/dxchosei/5793,2026-07-12T01:28:53.056856+00:00,文章作成・要約,581,損失回避の心理を活用した広報文,https://nanyo-city.jpn.org/download_prompt/download.php?download=581,no,no
http://www.city.nanyo.yamagata.jp/dxchosei/5793,2026-07-12T01:28:53.056856+00:00,文章作成・要約,577,感情を動かし、行動を促す広報文作成,https://nanyo-city.jpn.org/download_prompt/download.php?download=577,no,no
http://www.city.nanyo.yamagata.jp/dxchosei/5793,2026-07-12T01:28:53.056856+00:00,文章作成・要約,578,顧客の感情を動かす体験型ストーリー作成,https://nanyo-city.jpn.org/download_prompt/download.php?download=578,no,no
http://www.city.nanyo.yamagata.jp/dxchosei/5793,2026-07-12T01:28:53.056856+00:00,文章作成・要約,752,共感を呼び本記事へ誘うプロンプト,https://nanyo-line.github.io/prompt/752.html,no,no
http://www.city.nanyo.yamagata.jp/dxchosei/5793,2026-07-12T01:28:53.056856+00:00,文章作成・要約,482,提示内容の効果的な構成案作成,https://nanyo-city.jpn.org/download_prompt/download.php?download=482,no,no
http://www.city.nanyo.yamagata.jp/dxchosei/5793,2026-07-12T01:28:53.056856+00:00,文章作成・要約,483,文章を作成する際の構成の型を提案する,https://nanyo-city.jpn.org/download_prompt/download.php?download=483,no,no
http://www.city.nanyo.yamagata.jp/dxchosei/5793,2026-07-12T01:28:53.056856+00:00,文章作成・要約,454,論理的3段落構成（導入→説明→結論）の文章作成,https://nanyo-city.jpn.org/download_prompt/download.php?download=454,no,no
http://www.city.nanyo.yamagata.jp/dxchosei/5793,2026-07-12T01:28:53.056856+00:00,文章作成・要約,492,頭の中を言語化するステップを作成する,https://nanyo-city.jpn.org/download_prompt/download.php?download=492,no,no
http://www.city.nanyo.yamagata.jp/dxchosei/5793,2026-07-12T01:28:53.056856+00:00,文章作成・要約,717,自分が成りたい自分のAIとして想いを形にする,https://nanyo-line.github.io/prompt/717.html,no,no
http://www.city.nanyo.yamagata.jp/dxchosei/5793,2026-07-12T01:28:53.056856+00:00,文章作成・要約,736,共鳴フレーズを使った思想構築,https://nanyo-line.github.io/prompt/736.html,no,no
http://www.city.nanyo.yamagata.jp/dxchosei/5793,2026-07-12T01:28:53.056856+00:00,文章作成・要約,746,『二段構え』提案プロンプト,https://nanyo-line.github.io/prompt/746.html,no,no
http://www.city.nanyo.yamagata.jp/dxchosei/5793,2026-07-12T01:28:53.056856+00:00,文章作成・要約,779,戦略的「思考の設計力」強化エージェント,https://nanyo-line.github.io/prompt/779.html,no,no
http://www.city.nanyo.yamagata.jp/dxchosei/5793,2026-07-12T01:28:53.056856+00:00,文章作成・要約,216,書類送付時の添書を生成する,https://nanyo-city.jpn.org/download_prompt/download.php?download=216,no,no
http://www.city.nanyo.yamagata.jp/dxchosei/5793,2026-07-12T01:28:53.056856+00:00,文章作成・要約,366,説得力のある決裁書（稟議書）の作成,https://nanyo-city.jpn.org/download_prompt/download.php?download=366,no,no
http://www.city.nanyo.yamagata.jp/dxchosei/5793,2026-07-12T01:28:53.056856+00:00,文章作成・要約,589,気の利いた時候の挨拶を含んだ文書を作成,https://nanyo-city.jpn.org/download_prompt/download.php?download=589,no,no
http://www.city.nanyo.yamagata.jp/dxchosei/5793,2026-07-12T01:28:53.056856+00:00,文章作成・要約,377,サンプル文を基にして文章を構築する,https://nanyo-city.jpn.org/download_prompt/download.php?download=377,no,no
http://www.city.nanyo.yamagata.jp/dxchosei/5793,2026-07-12T01:28:53.056856+00:00,文章作成・要約,433,インタビューをもとに記事を作成する,https://nanyo-city.jpn.org/download_prompt/download.php?download=433,no,no
http://www.city.nanyo.yamagata.jp/dxchosei/5793,2026-07-12T01:28:53.056856+00:00,文章作成・要約,481,体験談から得られる学びを考察し言語化する,https://nanyo-city.jpn.org/download_prompt/download.php?download=481,no,no
http://www.city.nanyo.yamagata.jp/dxchosei/5793,2026-07-12T01:28:53.056856+00:00,文章作成・要約,530,ユーザーの体験談を作る（KSKK文章作成法）,https://nanyo-city.jpn.org/download_prompt/download.php?download=530,no,no
http://www.city.nanyo.yamagata.jp/dxchosei/5793,2026-07-12T01:28:53.056856+00:00,文章作成・要約,371,住民の心に響く広報文ガイドラインの作成,https://nanyo-city.jpn.org/download_prompt/download.php?download=371,no,no
http://www.city.nanyo.yamagata.jp/dxchosei/5793,2026-07-12T01:28:53.056856+00:00,文章作成・要約,654,入力文章の想定質問生成,https://nanyo-city.jpn.org/download_prompt/download.php?download=654,no,no
http://www.city.nanyo.yamagata.jp/dxchosei/5793,2026-07-12T01:28:53.056856+00:00,文章作成・要約,749,読者の心に「残響」を生む、深掘り記事紹介,https://nanyo-line.github.io/prompt/749.html,no,no
http://www.city.nanyo.yamagata.jp/dxchosei/5793,2026-07-12T01:28:53.056856+00:00,文章作成・要約,750,読者の魂に「自分事」として響かせる記事紹介,https://nanyo-line.github.io/prompt/750.html,no,no
http://www.city.nanyo.yamagata.jp/dxchosei/5793,2026-07-12T01:28:53.056856+00:00,文章作成・要約,7,特定のキーワードを使って文章をつくる,https://nanyo-city.jpn.org/download_prompt/download.php?download=7,no,no
http://www.city.nanyo.yamagata.jp/dxchosei/5793,2026-07-12T01:28:53.056856+00:00,文章作成・要約,74,特定分野のキーワードに合った文章を作成（①構成の骨組みを作成）,https://nanyo-city.jpn.org/download_prompt/download.php?download=74,no,no
http://www.city.nanyo.yamagata.jp/dxchosei/5793,2026-07-12T01:28:53.056856+00:00,文章作成・要約,115,テーマに沿った「反論」と「理由」を用いた文章の作成,https://nanyo-city.jpn.org/download_prompt/download.php?download=115,no,no
http://www.city.nanyo.yamagata.jp/dxchosei/5793,2026-07-12T01:28:53.056856+00:00,文章作成・要約,190,ステップバイステップの記事生成,https://nanyo-city.jpn.org/download_prompt/download.php?download=190,no,no
http://www.city.nanyo.yamagata.jp/dxchosei/5793,2026-07-12T01:28:53.056856+00:00,文章作成・要約,378,キーワード入力による記事生成のステップガイド,https://nanyo-city.jpn.org/download_prompt/download.php?download=378,no,no
http://www.city.nanyo.yamagata.jp/dxchosei/5793,2026-07-12T01:28:53.056856+00:00,文章作成・要約,432,テーマに基づく論文/記事執筆支援（文字数指定）,https://nanyo-city.jpn.org/download_prompt/download.php?download=432,no,no
http://www.city.nanyo.yamagata.jp/dxchosei/5793,2026-07-12T01:28:53.056856+00:00,文章作成・要約,452,親しみやすい専門記事作成ガイド＆文例生成プロンプト,https://nanyo-city.jpn.org/download_prompt/download.php?download=452,no,no
http://www.city.nanyo.yamagata.jp/dxchosei/5793,2026-07-12T01:28:53.056856+00:00,文章作成・要約,311,セミナー・イベント用台本作成,https://nanyo-city.jpn.org/download_prompt/download.php?download=311,no,no
http://www.city.nanyo.yamagata.jp/dxchosei/5793,2026-07-12T01:28:53.056856+00:00,文章作成・要約,437,設備トラブル現場メモからの報告書自動生成,https://nanyo-city.jpn.org/download_prompt/download.php?download=437,no,no
http://www.city.nanyo.yamagata.jp/dxchosei/5793,2026-07-12T01:28:53.056856+00:00,文章作成・要約,648,役員向けプロジェクト報告書作成,https://nanyo-city.jpn.org/download_prompt/download.php?download=648,no,no
http://www.city.nanyo.yamagata.jp/dxchosei/5793,2026-07-12T01:28:53.056856+00:00,文章作成・要約,649,部門間協力依頼文書作成支援,https://nanyo-city.jpn.org/download_prompt/download.php?download=649,no,no
http://www.city.nanyo.yamagata.jp/dxchosei/5793,2026-07-12T01:28:53.056856+00:00,文章作成・要約,536,名詞の洗練による成果物の魅力向上,https://nanyo-city.jpn.org/download_prompt/download.php?download=536,no,no
http://www.city.nanyo.yamagata.jp/dxchosei/5793,2026-07-12T01:28:53.056856+00:00,文章作成・要約,546,複雑な概念を理解するためのインタラクティブな図解作成,https://nanyo-city.jpn.org/download_prompt/download.php?download=546,no,no
http://www.city.nanyo.yamagata.jp/dxchosei/5793,2026-07-12T01:28:53.056856+00:00,文章作成・要約,548,テキストをインフォグラフィック資料化する,https://nanyo-city.jpn.org/download_prompt/download.php?download=548,no,no
http://www.city.nanyo.yamagata.jp/dxchosei/5793,2026-07-12T01:28:53.056856+00:00,文章作成・要約,702,図解化するプロンプト,https://nanyo-line.github.io/prompt/702.html,no,no
http://www.city.nanyo.yamagata.jp/dxchosei/5793,2026-07-12T01:28:53.056856+00:00,文章作成・要約,221,ランダムなつぶやきから一貫性のある文章を作成,https://nanyo-city.jpn.org/download_prompt/download.php?download=221,no,no
http://www.city.nanyo.yamagata.jp/dxchosei/5793,2026-07-12T01:28:53.056856+00:00,文章作成・要約,647,技術ナレッジ記事作成ガイドライン設計,https://nanyo-city.jpn.org/download_prompt/download.php?download=647,no,no
http://www.city.nanyo.yamagata.jp/dxchosei/5793,2026-07-12T01:28:53.056856+00:00,文章作成・要約,722,自己監査型・品質補正プロンプト,https://nanyo-line.github.io/prompt/722.html,no,no
http://www.city.nanyo.yamagata.jp/dxchosei/5793,2026-07-12T01:28:53.056856+00:00,文章作成・要約,637,コラム構成設計とコラム見出しを補完する,https://nanyo-city.jpn.org/download_prompt/download.php?download=637,no,no
http://www.city.nanyo.yamagata.jp/dxchosei/5793,2026-07-12T01:28:53.056856+00:00,文章作成・要約,638,検索意図を極限まで深掘りしたオリジナルコラム作成,https://nanyo-city.jpn.org/download_prompt/download.php?download=638,no,no
http://www.city.nanyo.yamagata.jp/dxchosei/5793,2026-07-12T01:28:53.056856+00:00,文章作成・要約,644,対談内容をコラムに変換する,https://nanyo-city.jpn.org/download_prompt/download.php?download=644,no,no
http://www.city.nanyo.yamagata.jp/dxchosei/5793,2026-07-12T01:28:53.056856+00:00,文章作成・要約,104,論述作成のガイドラインをつくる,https://nanyo-city.jpn.org/download_prompt/download.php?download=104,no,no
http://www.city.nanyo.yamagata.jp/dxchosei/5793,2026-07-12T01:28:53.056856+00:00,文章作成・要約,256,高精度なキーワードリストを作成する,https://nanyo-city.jpn.org/download_prompt/download.php?download=256,no,no
http://www.city.nanyo.yamagata.jp/dxchosei/5793,2026-07-12T01:28:53.056856+00:00,文章作成・要約,291,ターゲット読者向けブログ記事構成作成支援,https://nanyo-city.jpn.org/download_prompt/download.php?download=291,no,no
http://www.city.nanyo.yamagata.jp/dxchosei/5793,2026-07-12T01:28:53.056856+00:00,文章作成・要約,296,ブログテーマを提案してもらう,https://nanyo-city.jpn.org/download_prompt/download.php?download=296,no,no
http://www.city.nanyo.yamagata.jp/dxchosei/5793,2026-07-12T01:28:53.056856+00:00,文章作成・要約,302,ブログ記事の特定テーマ深掘り,https://nanyo-city.jpn.org/download_prompt/download.php?download=302,no,no
http://www.city.nanyo.yamagata.jp/dxchosei/5793,2026-07-12T01:28:53.056856+00:00,文章作成・要約,457,マンガシーンからシナリオ作成プロンプト,https://nanyo-city.jpn.org/download_prompt/download.php?download=457,no,no
http://www.city.nanyo.yamagata.jp/dxchosei/5793,2026-07-12T01:28:53.056856+00:00,文章作成・要約,504,夢と志から指針を作成するプロンプト,https://nanyo-city.jpn.org/download_prompt/download.php?download=504,no,no
http://www.city.nanyo.yamagata.jp/dxchosei/5793,2026-07-12T01:28:53.056856+00:00,文章作成・要約,537,目標の成果物の全体像と構成要素のガイドライン,https://nanyo-city.jpn.org/download_prompt/download.php?download=537,no,no
http://www.city.nanyo.yamagata.jp/dxchosei/5793,2026-07-12T01:28:53.056856+00:00,文章作成・要約,312,セミナーやイベントの実施計画書を作る,https://nanyo-city.jpn.org/download_prompt/download.php?download=312,no,no
http://www.city.nanyo.yamagata.jp/dxchosei/5793,2026-07-12T01:28:53.056856+00:00,文章作成・要約,373,簡易入力対応 イベント企画書自動生成,https://nanyo-city.jpn.org/download_prompt/download.php?download=373,no,no
http://www.city.nanyo.yamagata.jp/dxchosei/5793,2026-07-12T01:28:53.056856+00:00,文章作成・要約,387,セミナー等の事前質問シートを作成する,https://nanyo-city.jpn.org/download_prompt/download.php?download=387,no,no
http://www.city.nanyo.yamagata.jp/dxchosei/5793,2026-07-12T01:28:53.056856+00:00,文章作成・要約,393,セミナー開催手順のタイムライン作成プロンプト,https://nanyo-city.jpn.org/download_prompt/download.php?download=393,no,no
http://www.city.nanyo.yamagata.jp/dxchosei/5793,2026-07-12T01:28:53.056856+00:00,文章作成・要約,245,メモを魅力的なブログ記事に転換する,https://nanyo-city.jpn.org/download_prompt/download.php?download=245,no,no
http://www.city.nanyo.yamagata.jp/dxchosei/5793,2026-07-12T01:28:53.056856+00:00,文章作成・要約,292,読者の興味を引くブログ記事の執筆,https://nanyo-city.jpn.org/download_prompt/download.php?download=292,no,no
http://www.city.nanyo.yamagata.jp/dxchosei/5793,2026-07-12T01:28:53.056856+00:00,文章作成・要約,479,結論に基づいた読者行動促進ブログ記事生成,https://nanyo-city.jpn.org/download_prompt/download.php?download=479,no,no
http://www.city.nanyo.yamagata.jp/dxchosei/5793,2026-07-12T01:28:53.056856+00:00,文章作成・要約,502,コラム見出し対応説明文の補完,https://nanyo-city.jpn.org/download_prompt/download.php?download=502,no,no
http://www.city.nanyo.yamagata.jp/dxchosei/5793,2026-07-12T01:28:53.056856+00:00,文章作成・要約,474,記念誌寄稿用祝辞作成,https://nanyo-city.jpn.org/download_prompt/download.php?download=474,no,no
http://www.city.nanyo.yamagata.jp/dxchosei/5793,2026-07-12T01:28:53.056856+00:00,文章作成・要約,475,式典参加者向け挨拶文作成,https://nanyo-city.jpn.org/download_prompt/download.php?download=475,no,no
http://www.city.nanyo.yamagata.jp/dxchosei/5793,2026-07-12T01:28:53.056856+00:00,文章作成・要約,68,目的に合ったスピーチ原稿の草案作成,https://nanyo-city.jpn.org/download_prompt/download.php?download=68,no,no
http://www.city.nanyo.yamagata.jp/dxchosei/5793,2026-07-12T01:28:53.056856+00:00,文章作成・要約,69,感謝の言葉を述べる原稿の草案を作る,https://nanyo-city.jpn.org/download_prompt/download.php?download=69,no,no
http://www.city.nanyo.yamagata.jp/dxchosei/5793,2026-07-12T01:28:53.056856+00:00,文章作成・要約,75,送付目的に沿った挨拶状を作成したい,https://nanyo-city.jpn.org/download_prompt/download.php?download=75,no,no
http://www.city.nanyo.yamagata.jp/dxchosei/5793,2026-07-12T01:28:53.056856+00:00,文章作成・要約,268,挨拶文の自然な生成,https://nanyo-city.jpn.org/download_prompt/download.php?download=268,no,no
http://www.city.nanyo.yamagata.jp/dxchosei/5793,2026-07-12T01:28:53.056856+00:00,文章作成・要約,273,過去の挨拶文を参考にして、挨拶文のたたき台を作る,https://nanyo-city.jpn.org/download_prompt/download.php?download=273,no,no
http://www.city.nanyo.yamagata.jp/dxchosei/5793,2026-07-12T01:28:53.056856+00:00,文章作成・要約,476,市長向け市民イベント挨拶文作成,https://nanyo-city.jpn.org/download_prompt/download.php?download=476,no,no
http://www.city.nanyo.yamagata.jp/dxchosei/5793,2026-07-12T01:28:53.056856+00:00,文章作成・要約,477,会議冒頭挨拶文作成,https://nanyo-city.jpn.org/download_prompt/download.php?download=477,no,no
http://www.city.nanyo.yamagata.jp/dxchosei/5793,2026-07-12T01:28:53.056856+00:00,文章作成・要約,176,推薦文を作成する,https://nanyo-city.jpn.org/download_prompt/download.php?download=176,no,no
http://www.city.nanyo.yamagata.jp/dxchosei/5793,2026-07-12T01:28:53.056856+00:00,文章作成・要約,258,生成AIを活用したクリエイティブなメッセージ作成,https://nanyo-city.jpn.org/download_prompt/download.php?download=258,no,no
http://www.city.nanyo.yamagata.jp/dxchosei/5793,2026-07-12T01:28:53.056856+00:00,文章作成・要約,318,ターゲットに合わせた質問への理解しやすい回答の作成,https://nanyo-city.jpn.org/download_prompt/download.php?download=318,no,no
http://www.city.nanyo.yamagata.jp/dxchosei/5793,2026-07-12T01:28:53.056856+00:00,文章作成・要約,325,会議の音声データから正確な会議録を作成,https://nanyo-city.jpn.org/download_prompt/download.php?download=325,no,no
http://www.city.nanyo.yamagata.jp/dxchosei/5793,2026-07-12T01:28:53.056856+00:00,文章作成・要約,397,会議議事録のまとめ作成,https://nanyo-city.jpn.org/download_prompt/download.php?download=397,no,no
http://www.city.nanyo.yamagata.jp/dxchosei/5793,2026-07-12T01:28:53.056856+00:00,文章作成・要約,419,会議の効果的進行と合理的意思決定のサポート分析,https://nanyo-city.jpn.org/download_prompt/download.php?download=419,no,no
http://www.city.nanyo.yamagata.jp/dxchosei/5793,2026-07-12T01:28:53.056856+00:00,文章作成・要約,507,会議録音のアジェンダ形式整理,https://nanyo-city.jpn.org/download_prompt/download.php?download=507,no,no
http://www.city.nanyo.yamagata.jp/dxchosei/5793,2026-07-12T01:28:53.056856+00:00,文章作成・要約,624,参加者の声を用いた高信頼性推薦文生成プロンプト,https://nanyo-city.jpn.org/download_prompt/download.php?download=624,no,no
http://www.city.nanyo.yamagata.jp/dxchosei/5793,2026-07-12T01:28:53.056856+00:00,文章作成・要約,795,コンプリートメッセージ構築,https://nanyo-line.github.io/prompt/795.html,no,no
http://www.city.nanyo.yamagata.jp/dxchosei/5793,2026-07-12T01:28:53.056856+00:00,文章作成・要約,819,会議録のまとめを作る,https://nanyo-line.github.io/prompt/819.html,no,no
http://www.city.nanyo.yamagata.jp/dxchosei/5793,2026-07-12T01:28:53.056856+00:00,文章作成・要約,35,【簡単】Q＆A集の素案作成,https://nanyo-city.jpn.org/download_prompt/download.php?download=35,no,no
http://www.city.nanyo.yamagata.jp/dxchosei/5793,2026-07-12T01:28:53.056856+00:00,文章作成・要約,239,簡潔で魅力的な説明文作成,https://nanyo-city.jpn.org/download_prompt/download.php?download=239,no,no
http://www.city.nanyo.yamagata.jp/dxchosei/5793,2026-07-12T01:28:53.056856+00:00,文章作成・要約,341,汎用性のあるFAQドラフト作成,https://nanyo-city.jpn.org/download_prompt/download.php?download=341,no,no
http://www.city.nanyo.yamagata.jp/dxchosei/5793,2026-07-12T01:28:53.056856+00:00,文章作成・要約,390,ネタ切れ防止アイデア出しプロンプト,https://nanyo-city.jpn.org/download_prompt/download.php?download=390,no,no
http://www.city.nanyo.yamagata.jp/dxchosei/5793,2026-07-12T01:28:53.056856+00:00,文章作成・要約,547,IFAを使った魅力設計手法プロンプト,https://nanyo-city.jpn.org/download_prompt/download.php?download=547,no,no
http://www.city.nanyo.yamagata.jp/dxchosei/5793,2026-07-12T01:28:53.056856+00:00,文章作成・要約,582,アイディア発展支援：プレイズファースト法,https://nanyo-city.jpn.org/download_prompt/download.php?download=582,no,no
http://www.city.nanyo.yamagata.jp/dxchosei/5793,2026-07-12T01:28:53.056856+00:00,文章作成・要約,711,隙のあるアイディア,https://nanyo-line.github.io/prompt/711.html,no,no
http://www.city.nanyo.yamagata.jp/dxchosei/5793,2026-07-12T01:28:53.056856+00:00,文章作成・要約,254,連絡文章テンプレート生成ツール,https://nanyo-city.jpn.org/download_prompt/download.php?download=254,no,no
http://www.city.nanyo.yamagata.jp/dxchosei/5793,2026-07-12T01:28:53.056856+00:00,文章作成・要約,561,汎用の募集文作成プロンプト,https://nanyo-city.jpn.org/download_prompt/download.php?download=561,no,no
http://www.city.nanyo.yamagata.jp/dxchosei/5793,2026-07-12T01:28:53.056856+00:00,文章作成・要約,593,文章構造分析とテンプレート生成AIプロンプト,https://nanyo-city.jpn.org/download_prompt/download.php?download=593,no,no
http://www.city.nanyo.yamagata.jp/dxchosei/5793,2026-07-12T01:28:53.056856+00:00,文章作成・要約,772,GSP文章構造解析・汎用テンプレート作成,https://nanyo-line.github.io/prompt/772.html,no,no
http://www.city.nanyo.yamagata.jp/dxchosei/5793,2026-07-12T01:28:53.056856+00:00,文章作成・要約,47,会議議事録作成のための要約,https://nanyo-city.jpn.org/download_prompt/download.php?download=47,no,no
http://www.city.nanyo.yamagata.jp/dxchosei/5793,2026-07-12T01:28:53.056856+00:00,文章作成・要約,299,文字起こしAIを活用した効率的な議事録作成,https://nanyo-city.jpn.org/download_prompt/download.php?download=299,no,no
http://www.city.nanyo.yamagata.jp/dxchosei/5793,2026-07-12T01:28:53.056856+00:00,文章作成・要約,455,文字起こし出力テキストの校正と整形,https://nanyo-city.jpn.org/download_prompt/download.php?download=455,no,no
http://www.city.nanyo.yamagata.jp/dxchosei/5793,2026-07-12T01:28:53.056856+00:00,文章作成・要約,606,アクションドリブンAI議事録作成,https://nanyo-city.jpn.org/download_prompt/download.php?download=606,no,no
http://www.city.nanyo.yamagata.jp/dxchosei/5793,2026-07-12T01:28:53.056856+00:00,文章作成・要約,775,「読んで分かる」「読んだら動ける」議事録作成,https://nanyo-line.github.io/prompt/775.html,no,no
http://www.city.nanyo.yamagata.jp/dxchosei/5793,2026-07-12T01:28:53.056856+00:00,文章作成・要約,202,論文要約（成長戦略）,https://nanyo-city.jpn.org/download_prompt/download.php?download=202,no,no
http://www.city.nanyo.yamagata.jp/dxchosei/5793,2026-07-12T01:28:53.056856+00:00,文章作成・要約,313,効率的な記事要約とポイント伝達,https://nanyo-city.jpn.org/download_prompt/download.php?download=313,no,no
http://www.city.nanyo.yamagata.jp/dxchosei/5793,2026-07-12T01:28:53.056856+00:00,文章作成・要約,427,高品質な最新ニュース要約プロンプト,https://nanyo-city.jpn.org/download_prompt/download.php?download=427,no,no
http://www.city.nanyo.yamagata.jp/dxchosei/5793,2026-07-12T01:28:53.056856+00:00,文章作成・要約,626,最新トレンド・ニュース記事の効率的要約プロンプト,https://nanyo-city.jpn.org/download_prompt/download.php?download=626,no,no
http://www.city.nanyo.yamagata.jp/dxchosei/5793,2026-07-12T01:28:53.056856+00:00,文章作成・要約,381,論点抽出とバイアス回避のための多視点アドバイス生成,https://nanyo-city.jpn.org/download_prompt/download.php?download=381,no,no
http://www.city.nanyo.yamagata.jp/dxchosei/5793,2026-07-12T01:28:53.056856+00:00,文章作成・要約,524,本質的な要約生成プロンプト,https://nanyo-city.jpn.org/download_prompt/download.php?download=524,no,no
http://www.city.nanyo.yamagata.jp/dxchosei/5793,2026-07-12T01:28:53.056856+00:00,文章作成・要約,541,複雑な長文の効果的な要約と構造化,https://nanyo-city.jpn.org/download_prompt/download.php?download=541,no,no
http://www.city.nanyo.yamagata.jp/dxchosei/5793,2026-07-12T01:28:53.056856+00:00,文章作成・要約,684,意味のある知見の抽出に特化させたプロンプト,https://nanyo-line.github.io/prompt/684.html,no,no
http://www.city.nanyo.yamagata.jp/dxchosei/5793,2026-07-12T01:28:53.056856+00:00,文章作成・要約,691,本質抽出とノイズ削除プロンプト,https://nanyo-line.github.io/prompt/691.html,no,no
http://www.city.nanyo.yamagata.jp/dxchosei/5793,2026-07-12T01:28:53.056856+00:00,文章作成・要約,813,メタ情報抽出・構造化エージェント,https://nanyo-line.github.io/prompt/813.html,no,no
http://www.city.nanyo.yamagata.jp/dxchosei/5793,2026-07-12T01:28:53.056856+00:00,文章作成・要約,242,生成AIを活用した一般的な文章要約,https://nanyo-city.jpn.org/download_prompt/download.php?download=242,no,no
http://www.city.nanyo.yamagata.jp/dxchosei/5793,2026-07-12T01:28:53.056856+00:00,文章作成・要約,416,日常の不思議：詳細解説と信頼できる出典,https://nanyo-city.jpn.org/download_prompt/download.php?download=416,no,no
http://www.city.nanyo.yamagata.jp/dxchosei/5793,2026-07-12T01:28:53.056856+00:00,文章作成・要約,721,検収しながら成果物をつくる,https://nanyo-line.github.io/prompt/721.html,no,no
http://www.city.nanyo.yamagata.jp/dxchosei/5793,2026-07-12T01:28:53.056856+00:00,文章作成・要約,806,会議を組織の知財に変える,https://nanyo-line.github.io/prompt/806.html,no,no
http://www.city.nanyo.yamagata.jp/dxchosei/5793,2026-07-12T01:28:53.056856+00:00,文章作成・要約,1,複雑な文章の要点をわかりやすく解説してもらう,https://nanyo-city.jpn.org/download_prompt/download.php?download=1,no,no
http://www.city.nanyo.yamagata.jp/dxchosei/5793,2026-07-12T01:28:53.056856+00:00,文章作成・要約,426,初心者向け専門用語・概念をやさしく解説,https://nanyo-city.jpn.org/download_prompt/download.php?download=426,no,no
http://www.city.nanyo.yamagata.jp/dxchosei/5793,2026-07-12T01:28:53.056856+00:00,文章作成・要約,473,複雑な概念の超分かりやすく解説,https://nanyo-city.jpn.org/download_prompt/download.php?download=473,no,no
http://www.city.nanyo.yamagata.jp/dxchosei/5793,2026-07-12T01:28:53.056856+00:00,文章作成・要約,514,提示内容の複眼的思考による深層解説,https://nanyo-city.jpn.org/download_prompt/download.php?download=514,no,no
http://www.city.nanyo.yamagata.jp/dxchosei/5793,2026-07-12T01:28:53.056856+00:00,文章作成・要約,692,生成AIの回答を「わかった気」にならないロジカルシンキング,https://nanyo-line.github.io/prompt/692.html,no,no
http://www.city.nanyo.yamagata.jp/dxchosei/5793,2026-07-12T01:28:53.056856+00:00,文章作成・要約,28,【詳細】ビジネスメール作成,https://nanyo-city.jpn.org/download_prompt/download.php?download=28,no,no
http://www.city.nanyo.yamagata.jp/dxchosei/5793,2026-07-12T01:28:53.056856+00:00,文章作成・要約,42,ビジネスメール作成,https://nanyo-city.jpn.org/download_prompt/download.php?download=42,no,no
http://www.city.nanyo.yamagata.jp/dxchosei/5793,2026-07-12T01:28:53.056856+00:00,文章作成・要約,634,進捗報告メール自動生成プロンプト,https://nanyo-city.jpn.org/download_prompt/download.php?download=634,no,no
http://www.city.nanyo.yamagata.jp/dxchosei/5793,2026-07-12T01:28:53.056856+00:00,文章作成・要約,76,受け取ったメールに丁寧に返信する,https://nanyo-city.jpn.org/download_prompt/download.php?download=76,no,no
http://www.city.nanyo.yamagata.jp/dxchosei/5793,2026-07-12T01:28:53.056856+00:00,文章作成・要約,267,迅速で的確なメール返信生成ツール,https://nanyo-city.jpn.org/download_prompt/download.php?download=267,no,no
http://www.city.nanyo.yamagata.jp/dxchosei/5793,2026-07-12T01:28:53.056856+00:00,文章作成・要約,438,問い合わせメールに対する丁寧な返信メールを作成する,https://nanyo-city.jpn.org/download_prompt/download.php?download=438,no,no
http://www.city.nanyo.yamagata.jp/dxchosei/5793,2026-07-12T01:28:53.056856+00:00,文章作成・要約,467,メール要点整理・返信提案,https://nanyo-city.jpn.org/download_prompt/download.php?download=467,no,no
http://www.city.nanyo.yamagata.jp/dxchosei/5793,2026-07-12T01:28:53.056856+00:00,文章作成・要約,266,ユーザー指定のスタイルに基づくメール生成,https://nanyo-city.jpn.org/download_prompt/download.php?download=266,no,no
http://www.city.nanyo.yamagata.jp/dxchosei/5793,2026-07-12T01:28:53.056856+00:00,文章作成・要約,410,読み手に合わせたビジネスメール作成支援,https://nanyo-city.jpn.org/download_prompt/download.php?download=410,no,no
http://www.city.nanyo.yamagata.jp/dxchosei/5793,2026-07-12T01:28:53.056856+00:00,文章作成・要約,360,電話対応後のメモや記録を文章化する,https://nanyo-city.jpn.org/download_prompt/download.php?download=360,no,no
http://www.city.nanyo.yamagata.jp/dxchosei/5793,2026-07-12T01:28:53.056856+00:00,文章作成・要約,516,書類未提出者への催促メール作成,https://nanyo-city.jpn.org/download_prompt/download.php?download=516,no,no
http://www.city.nanyo.yamagata.jp/dxchosei/5793,2026-07-12T01:28:53.056856+00:00,文章作成・要約,29,講師へお礼状を送る,https://nanyo-city.jpn.org/download_prompt/download.php?download=29,no,no
http://www.city.nanyo.yamagata.jp/dxchosei/5793,2026-07-12T01:28:53.056856+00:00,文章作成・要約,30,視察受け入れのお礼状を作る,https://nanyo-city.jpn.org/download_prompt/download.php?download=30,no,no
http://www.city.nanyo.yamagata.jp/dxchosei/5793,2026-07-12T01:28:53.056856+00:00,文章作成・要約,31,外部講師への依頼文を作成する,https://nanyo-city.jpn.org/download_prompt/download.php?download=31,no,no
http://www.city.nanyo.yamagata.jp/dxchosei/5793,2026-07-12T01:28:53.056856+00:00,文章作成・要約,105,外国人居住者への連絡事項を文化的配慮を行い翻訳する,https://nanyo-city.jpn.org/download_prompt/download.php?download=105,no,no
http://www.city.nanyo.yamagata.jp/dxchosei/5793,2026-07-12T01:28:53.056856+00:00,文章作成・要約,584,AI翻訳精度95%達成のための高精度翻訳プロンプト,https://nanyo-city.jpn.org/download_prompt/download.php?download=584,no,no
http://www.city.nanyo.yamagata.jp/dxchosei/5793,2026-07-12T01:28:53.056856+00:00,文章作成・要約,98,相談者への注意点説明文を作成する,https://nanyo-city.jpn.org/download_prompt/download.php?download=98,no,no
http://www.city.nanyo.yamagata.jp/dxchosei/5793,2026-07-12T01:28:53.056856+00:00,文章作成・要約,219,話し方改善のための効果的なリライト,https://nanyo-city.jpn.org/download_prompt/download.php?download=219,no,no
http://www.city.nanyo.yamagata.jp/dxchosei/5793,2026-07-12T01:28:53.056856+00:00,文章作成・要約,353,状況に応じた言葉選びのアドバイス,https://nanyo-city.jpn.org/download_prompt/download.php?download=353,no,no
http://www.city.nanyo.yamagata.jp/dxchosei/5793,2026-07-12T01:28:53.056856+00:00,文章作成・要約,388,提案内容への配慮ある修正依頼文作成プロンプト,https://nanyo-city.jpn.org/download_prompt/download.php?download=388,no,no
http://www.city.nanyo.yamagata.jp/dxchosei/5793,2026-07-12T01:28:53.056856+00:00,文章作成・要約,519,協力依頼に対する丁寧な断り方,https://nanyo-city.jpn.org/download_prompt/download.php?download=519,no,no
http://www.city.nanyo.yamagata.jp/dxchosei/5793,2026-07-12T01:28:53.056856+00:00,文章作成・要約,531,五感（VAKOG）を取り入れた伝達力向上,https://nanyo-city.jpn.org/download_prompt/download.php?download=531,no,no
http://www.city.nanyo.yamagata.jp/dxchosei/5793,2026-07-12T01:28:53.056856+00:00,文章作成・要約,645,訪問目的達成のための戦略的ヒアリングイシュー特定プロンプト,https://nanyo-city.jpn.org/download_prompt/download.php?download=645,no,no
http://www.city.nanyo.yamagata.jp/dxchosei/5793,2026-07-12T01:28:53.056856+00:00,文章作成・要約,694,AI共創における「意志と責任」のアドバイス,https://nanyo-line.github.io/prompt/694.html,no,no
http://www.city.nanyo.yamagata.jp/dxchosei/5793,2026-07-12T01:28:53.056856+00:00,文章作成・要約,43,人を魅了するプレゼン資料作成,https://nanyo-city.jpn.org/download_prompt/download.php?download=43,no,no
http://www.city.nanyo.yamagata.jp/dxchosei/5793,2026-07-12T01:28:53.056856+00:00,文章作成・要約,383,プレゼンテーション資料生成用構造化テキスト作成,https://nanyo-city.jpn.org/download_prompt/download.php?download=383,no,no
http://www.city.nanyo.yamagata.jp/dxchosei/5793,2026-07-12T01:28:53.056856+00:00,文章作成・要約,398,セミナー口述からのスライド作成支援,https://nanyo-city.jpn.org/download_prompt/download.php?download=398,no,no
http://www.city.nanyo.yamagata.jp/dxchosei/5793,2026-07-12T01:28:53.056856+00:00,文章作成・要約,404,効果的なプレゼン資料作成支援,https://nanyo-city.jpn.org/download_prompt/download.php?download=404,no,no
http://www.city.nanyo.yamagata.jp/dxchosei/5793,2026-07-12T01:28:53.056856+00:00,文章作成・要約,553,最適なプレゼン方法の選択とプレゼンスクリプトの提案,https://nanyo-city.jpn.org/download_prompt/download.php?download=553,no,no
http://www.city.nanyo.yamagata.jp/dxchosei/5793,2026-07-12T01:28:53.056856+00:00,文章作成・要約,729,プレゼンの評価プロンプト,https://nanyo-line.github.io/prompt/729.html,no,no
http://www.city.nanyo.yamagata.jp/dxchosei/5793,2026-07-12T01:28:53.056856+00:00,文章作成・要約,767,人を動かすプレゼン資料作成,https://nanyo-line.github.io/prompt/767.html,no,no
http://www.city.nanyo.yamagata.jp/dxchosei/5793,2026-07-12T01:28:53.056856+00:00,文章作成・要約,317,ストーリーテリングを活用した、エレベーターピッチの作成,https://nanyo-city.jpn.org/download_prompt/download.php?download=317,no,no
http://www.city.nanyo.yamagata.jp/dxchosei/5793,2026-07-12T01:28:53.056856+00:00,文章作成・要約,406,講座冒頭導入トークスクリプト作成,https://nanyo-city.jpn.org/download_prompt/download.php?download=406,no,no
http://www.city.nanyo.yamagata.jp/dxchosei/5793,2026-07-12T01:28:53.056856+00:00,文章作成・要約,550,オンラインセミナー用スピーカーノート作成,https://nanyo-city.jpn.org/download_prompt/download.php?download=550,no,no
http://www.city.nanyo.yamagata.jp/dxchosei/5793,2026-07-12T01:28:53.056856+00:00,文章作成・要約,689,伝えたいセミナー構成と原稿提案,https://nanyo-line.github.io/prompt/689.html,no,no
http://www.city.nanyo.yamagata.jp/dxchosei/5793,2026-07-12T01:28:53.056856+00:00,文章作成・要約,93,講座（セミナー）説明テキスト作成,https://nanyo-city.jpn.org/download_prompt/download.php?download=93,no,no
http://www.city.nanyo.yamagata.jp/dxchosei/5793,2026-07-12T01:28:53.056856+00:00,文章作成・要約,392,スライド内容に基づくセミナーレジュメ作成,https://nanyo-city.jpn.org/download_prompt/download.php?download=392,no,no
http://www.city.nanyo.yamagata.jp/dxchosei/5793,2026-07-12T01:28:53.056856+00:00,文章作成・要約,409,講義フィードバック分析に基づく改善提案,https://nanyo-city.jpn.org/download_prompt/download.php?download=409,no,no
http://www.city.nanyo.yamagata.jp/dxchosei/5793,2026-07-12T01:28:53.056856+00:00,文章作成・要約,45,人が思わずクリックしたくなるような魅力的な文章を作る,https://nanyo-city.jpn.org/download_prompt/download.php?download=45,no,no
http://www.city.nanyo.yamagata.jp/dxchosei/5793,2026-07-12T01:28:53.056856+00:00,文章作成・要約,66,タイトルや伝えたいことから文章を作成する,https://nanyo-city.jpn.org/download_prompt/download.php?download=66,no,no
http://www.city.nanyo.yamagata.jp/dxchosei/5793,2026-07-12T01:28:53.056856+00:00,文章作成・要約,48,マスコミ向けプレスリリース作成,https://nanyo-city.jpn.org/download_prompt/download.php?download=48,no,no
http://www.city.nanyo.yamagata.jp/dxchosei/5793,2026-07-12T01:28:53.056856+00:00,文章作成・要約,78,地域イベントＰＲ文案作成,https://nanyo-city.jpn.org/download_prompt/download.php?download=78,no,no
http://www.city.nanyo.yamagata.jp/dxchosei/5793,2026-07-12T01:28:53.056856+00:00,文章作成・要約,79,魅力的なキャンペーン紹介文作成,https://nanyo-city.jpn.org/download_prompt/download.php?download=79,no,no
http://www.city.nanyo.yamagata.jp/dxchosei/5793,2026-07-12T01:28:53.056856+00:00,文章作成・要約,198,地域ニュースレターを作成する,https://nanyo-city.jpn.org/download_prompt/download.php?download=198,no,no
http://www.city.nanyo.yamagata.jp/dxchosei/5793,2026-07-12T01:28:53.056856+00:00,文章作成・要約,617,企業向けプレスリリースドラフト作成プロンプト,https://nanyo-city.jpn.org/download_prompt/download.php?download=617,no,no
http://www.city.nanyo.yamagata.jp/dxchosei/5793,2026-07-12T01:28:53.056856+00:00,文章作成・要約,18,表現を豊かにする言い回し,https://nanyo-city.jpn.org/download_prompt/download.php?download=18,no,no
http://www.city.nanyo.yamagata.jp/dxchosei/5793,2026-07-12T01:28:53.056856+00:00,文章作成・要約,19,特定の読者層を意識した言い回し,https://nanyo-city.jpn.org/download_prompt/download.php?download=19,no,no
http://www.city.nanyo.yamagata.jp/dxchosei/5793,2026-07-12T01:28:53.056856+00:00,文章作成・要約,33,読者の心に響く共感文章の作成,https://nanyo-city.jpn.org/download_prompt/download.php?download=33,no,no
http://www.city.nanyo.yamagata.jp/dxchosei/5793,2026-07-12T01:28:53.056856+00:00,文章作成・要約,149,効果的なソーシャルメディア（SNS）投稿文作成,https://nanyo-city.jpn.org/download_prompt/download.php?download=149,no,no
http://www.city.nanyo.yamagata.jp/dxchosei/5793,2026-07-12T01:28:53.056856+00:00,文章作成・要約,170,心を惹きつけるSNS投稿文を作成する,https://nanyo-city.jpn.org/download_prompt/download.php?download=170,no,no
http://www.city.nanyo.yamagata.jp/dxchosei/5793,2026-07-12T01:28:53.056856+00:00,文章作成・要約,417,イベントの先行案内をするメルマガ・SNS作成支援,https://nanyo-city.jpn.org/download_prompt/download.php?download=417,no,no
http://www.city.nanyo.yamagata.jp/dxchosei/5793,2026-07-12T01:28:53.056856+00:00,文章作成・要約,94,効果的なキャッチコピーとPRテキストを作成する,https://nanyo-city.jpn.org/download_prompt/download.php?download=94,no,no
http://www.city.nanyo.yamagata.jp/dxchosei/5793,2026-07-12T01:28:53.056856+00:00,文章作成・要約,122,市民向け広報のA/Bテスト用広告コピー作成,https://nanyo-city.jpn.org/download_prompt/download.php?download=122,no,no
http://www.city.nanyo.yamagata.jp/dxchosei/5793,2026-07-12T01:28:53.056856+00:00,文章作成・要約,156,ペルソナに響くコピー作成,https://nanyo-city.jpn.org/download_prompt/download.php?download=156,no,no
http://www.city.nanyo.yamagata.jp/dxchosei/5793,2026-07-12T01:28:53.056856+00:00,文章作成・要約,162,リフレッシュイベントのキャッチコピー作成,https://nanyo-city.jpn.org/download_prompt/download.php?download=162,no,no
http://www.city.nanyo.yamagata.jp/dxchosei/5793,2026-07-12T01:28:53.056856+00:00,文章作成・要約,399,読者の心を動かすキャッチコピーに改善する,https://nanyo-city.jpn.org/download_prompt/download.php?download=399,no,no
http://www.city.nanyo.yamagata.jp/dxchosei/5793,2026-07-12T01:28:53.056856+00:00,文章作成・要約,80,研修・セミナー受講報告書（復命書）作成,https://nanyo-city.jpn.org/download_prompt/download.php?download=80,no,no
http://www.city.nanyo.yamagata.jp/dxchosei/5793,2026-07-12T01:28:53.056856+00:00,文章作成・要約,90,職員研修結果報告書作成,https://nanyo-city.jpn.org/download_prompt/download.php?download=90,no,no
http://www.city.nanyo.yamagata.jp/dxchosei/5793,2026-07-12T01:28:53.056856+00:00,文章作成・要約,228,ミーティング報告書作成,https://nanyo-city.jpn.org/download_prompt/download.php?download=228,no,no
http://www.city.nanyo.yamagata.jp/dxchosei/5793,2026-07-12T01:28:53.056856+00:00,文章作成・要約,486,受講講座 感想レポート構成案作成,https://nanyo-city.jpn.org/download_prompt/download.php?download=486,no,no
http://www.city.nanyo.yamagata.jp/dxchosei/5793,2026-07-12T01:28:53.056856+00:00,文章作成・要約,787,意思決定プロセス可視化型・作業報告生成,https://nanyo-line.github.io/prompt/787.html,no,no
http://www.city.nanyo.yamagata.jp/dxchosei/5793,2026-07-12T01:28:53.056856+00:00,文章作成・要約,41,【簡単】議会質問回答作成,https://nanyo-city.jpn.org/download_prompt/download.php?download=41,no,no
http://www.city.nanyo.yamagata.jp/dxchosei/5793,2026-07-12T01:28:53.056856+00:00,文章作成・要約,44,レポート作成（汎用）,https://nanyo-city.jpn.org/download_prompt/download.php?download=44,no,no
http://www.city.nanyo.yamagata.jp/dxchosei/5793,2026-07-12T01:28:53.056856+00:00,文章作成・要約,95,上司を納得させる資料を作成したい,https://nanyo-city.jpn.org/download_prompt/download.php?download=95,no,no
http://www.city.nanyo.yamagata.jp/dxchosei/5793,2026-07-12T01:28:53.056856+00:00,文章作成・要約,203,文書作成効率化のための汎用フォーマットテンプレート設計,https://nanyo-city.jpn.org/download_prompt/download.php?download=203,no,no
http://www.city.nanyo.yamagata.jp/dxchosei/5793,2026-07-12T01:28:53.056856+00:00,文章作成・要約,485,生成AIのディープリサーチ機能を活用した報告書の作成,https://nanyo-city.jpn.org/download_prompt/download.php?download=485,no,no
http://www.city.nanyo.yamagata.jp/dxchosei/5793,2026-07-12T01:28:53.056856+00:00,文章作成・要約,551,戦略レポート作成支援：マッキンゼー7Sフレームワークに基づく洞察とデータ分析,https://nanyo-city.jpn.org/download_prompt/download.php?download=551,no,no
http://www.city.nanyo.yamagata.jp/dxchosei/5793,2026-07-12T01:28:53.056856+00:00,文章作成・要約,639,5つの構造的教訓に基づく戦略的トレンド発掘レポート,https://nanyo-city.jpn.org/download_prompt/download.php?download=639,no,no
http://www.city.nanyo.yamagata.jp/dxchosei/5793,2026-07-12T01:28:53.056856+00:00,文章作成・要約,36,【簡単】研修等の問題作成,https://nanyo-city.jpn.org/download_prompt/download.php?download=36,no,no
http://www.city.nanyo.yamagata.jp/dxchosei/5793,2026-07-12T01:28:53.056856+00:00,文章作成・要約,585,知識深化のための分野別問題作成・解説,https://nanyo-city.jpn.org/download_prompt/download.php?download=585,no,no
http://www.city.nanyo.yamagata.jp/dxchosei/5793,2026-07-12T01:28:53.056856+00:00,文章作成・要約,815,戦略的情報構造化エンジン,https://nanyo-line.github.io/prompt/815.html,no,no
http://www.city.nanyo.yamagata.jp/dxchosei/5793,2026-07-12T01:28:53.056856+00:00,文書校正・編集,3,文章を校正する,https://nanyo-city.jpn.org/download_prompt/download.php?download=3,no,no
http://www.city.nanyo.yamagata.jp/dxchosei/5793,2026-07-12T01:28:53.056856+00:00,文書校正・編集,26,【簡単】AIに文章を校正してもらう,https://nanyo-city.jpn.org/download_prompt/download.php?download=26,no,no
http://www.city.nanyo.yamagata.jp/dxchosei/5793,2026-07-12T01:28:53.056856+00:00,文書校正・編集,319,文章の誤り修正と適正化,https://nanyo-city.jpn.org/download_prompt/download.php?download=319,no,no
http://www.city.nanyo.yamagata.jp/dxchosei/5793,2026-07-12T01:28:53.056856+00:00,文書校正・編集,745,文章の「AIっぽさ」をAIに消させる,https://nanyo-line.github.io/prompt/745.html,no,no
http://www.city.nanyo.yamagata.jp/dxchosei/5793,2026-07-12T01:28:53.056856+00:00,文書校正・編集,747,精度の高いAI校正（リライト無し指摘のみ）,https://nanyo-line.github.io/prompt/747.html,no,no
http://www.city.nanyo.yamagata.jp/dxchosei/5793,2026-07-12T01:28:53.056856+00:00,文書校正・編集,759,エディター視点獲得・文章添削シミュレーター,https://nanyo-line.github.io/prompt/759.html,no,no
http://www.city.nanyo.yamagata.jp/dxchosei/5793,2026-07-12T01:28:53.056856+00:00,文書校正・編集,9,文章の校正と一貫性の確保,https://nanyo-city.jpn.org/download_prompt/download.php?download=9,no,no
http://www.city.nanyo.yamagata.jp/dxchosei/5793,2026-07-12T01:28:53.056856+00:00,文書校正・編集,374,高精度文書校正・校閲ツールプロンプト,https://nanyo-city.jpn.org/download_prompt/download.php?download=374,no,no
http://www.city.nanyo.yamagata.jp/dxchosei/5793,2026-07-12T01:28:53.056856+00:00,文書校正・編集,557,ビジネス文書の厳密な校正プロンプト,https://nanyo-city.jpn.org/download_prompt/download.php?download=557,no,no
http://www.city.nanyo.yamagata.jp/dxchosei/5793,2026-07-12T01:28:53.056856+00:00,文書校正・編集,723,心理的「自分事化」文章への校正,https://nanyo-line.github.io/prompt/723.html,no,no
http://www.city.nanyo.yamagata.jp/dxchosei/5793,2026-07-12T01:28:53.056856+00:00,文書校正・編集,51,提出前に報告書の添削を依頼する,https://nanyo-city.jpn.org/download_prompt/download.php?download=51,no,no
http://www.city.nanyo.yamagata.jp/dxchosei/5793,2026-07-12T01:28:53.056856+00:00,文書校正・編集,257,生成AIによる報告書の詳細な添削,https://nanyo-city.jpn.org/download_prompt/download.php?download=257,no,no
http://www.city.nanyo.yamagata.jp/dxchosei/5793,2026-07-12T01:28:53.056856+00:00,文書校正・編集,11,文章を校正する（プロファイルを使う）,https://nanyo-city.jpn.org/download_prompt/download.php?download=11,no,no
http://www.city.nanyo.yamagata.jp/dxchosei/5793,2026-07-12T01:28:53.056856+00:00,文書校正・編集,108,説得力を強化する文章に校正する,https://nanyo-city.jpn.org/download_prompt/download.php?download=108,no,no
http://www.city.nanyo.yamagata.jp/dxchosei/5793,2026-07-12T01:28:53.056856+00:00,文書校正・編集,222,ライティング原稿の校正と改善,https://nanyo-city.jpn.org/download_prompt/download.php?download=222,no,no
http://www.city.nanyo.yamagata.jp/dxchosei/5793,2026-07-12T01:28:53.056856+00:00,文書校正・編集,384,文章から特定条件を除外し、文章構成を維持する,https://nanyo-city.jpn.org/download_prompt/download.php?download=384,no,no
http://www.city.nanyo.yamagata.jp/dxchosei/5793,2026-07-12T01:28:53.056856+00:00,文書校正・編集,808,原文に人間味を注入する,https://nanyo-line.github.io/prompt/808.html,no,no
http://www.city.nanyo.yamagata.jp/dxchosei/5793,2026-07-12T01:28:53.056856+00:00,文書校正・編集,67,形式的な文章を人間味あふれる文章への変換,https://nanyo-city.jpn.org/download_prompt/download.php?download=67,no,no
http://www.city.nanyo.yamagata.jp/dxchosei/5793,2026-07-12T01:28:53.056856+00:00,文書校正・編集,154,文章の雰囲気を自在に操る,https://nanyo-city.jpn.org/download_prompt/download.php?download=154,no,no
http://www.city.nanyo.yamagata.jp/dxchosei/5793,2026-07-12T01:28:53.056856+00:00,文書校正・編集,249,メール文の印象をチェックしたい,https://nanyo-city.jpn.org/download_prompt/download.php?download=249,no,no
http://www.city.nanyo.yamagata.jp/dxchosei/5793,2026-07-12T01:28:53.056856+00:00,文書校正・編集,380,コンテンツ品質評価と改善ガイドライン,https://nanyo-city.jpn.org/download_prompt/download.php?download=380,no,no
http://www.city.nanyo.yamagata.jp/dxchosei/5793,2026-07-12T01:28:53.056856+00:00,文書校正・編集,408,文章長文化・推敲プロンプト,https://nanyo-city.jpn.org/download_prompt/download.php?download=408,no,no
http://www.city.nanyo.yamagata.jp/dxchosei/5793,2026-07-12T01:28:53.056856+00:00,文書校正・編集,412,AI生成文の人間的推敲と論文スタイル調整,https://nanyo-city.jpn.org/download_prompt/download.php?download=412,no,no
http://www.city.nanyo.yamagata.jp/dxchosei/5793,2026-07-12T01:28:53.056856+00:00,文書校正・編集,440,文章の種類に応じた最適な評価軸の提案,https://nanyo-city.jpn.org/download_prompt/download.php?download=440,no,no
http://www.city.nanyo.yamagata.jp/dxchosei/5793,2026-07-12T01:28:53.056856+00:00,文書校正・編集,496,言葉の心理的な意味を深く掘り下げる,https://nanyo-city.jpn.org/download_prompt/download.php?download=496,no,no
http://www.city.nanyo.yamagata.jp/dxchosei/5793,2026-07-12T01:28:53.056856+00:00,文書校正・編集,572,AIｘ言葉の瞬発力トレーニング,https://nanyo-city.jpn.org/download_prompt/download.php?download=572,no,no
http://www.city.nanyo.yamagata.jp/dxchosei/5793,2026-07-12T01:28:53.056856+00:00,文書校正・編集,110,既存文章に実生活で役立つ具体例を追加する,https://nanyo-city.jpn.org/download_prompt/download.php?download=110,no,no
http://www.city.nanyo.yamagata.jp/dxchosei/5793,2026-07-12T01:28:53.056856+00:00,文書校正・編集,112,エピソードを使って文章をアレンジする,https://nanyo-city.jpn.org/download_prompt/download.php?download=112,no,no
http://www.city.nanyo.yamagata.jp/dxchosei/5793,2026-07-12T01:28:53.056856+00:00,文書校正・編集,177,文章を膨らませる,https://nanyo-city.jpn.org/download_prompt/download.php?download=177,no,no
http://www.city.nanyo.yamagata.jp/dxchosei/5793,2026-07-12T01:28:53.056856+00:00,文書校正・編集,424,箇条書きから分かりやすい記事へ変換,https://nanyo-city.jpn.org/download_prompt/download.php?download=424,no,no
http://www.city.nanyo.yamagata.jp/dxchosei/5793,2026-07-12T01:28:53.056856+00:00,文書校正・編集,111,読者が行動に移しやすい文書へリライト（再構築）する,https://nanyo-city.jpn.org/download_prompt/download.php?download=111,no,no
http://www.city.nanyo.yamagata.jp/dxchosei/5793,2026-07-12T01:28:53.056856+00:00,文書校正・編集,316,参考文章を使った既存文章の魅力的なリライト（再構築）手法,https://nanyo-city.jpn.org/download_prompt/download.php?download=316,no,no
http://www.city.nanyo.yamagata.jp/dxchosei/5793,2026-07-12T01:28:53.056856+00:00,文書校正・編集,375,AI文章リライト - 感情と行動を喚起する人間味の付与,https://nanyo-city.jpn.org/download_prompt/download.php?download=375,no,no
http://www.city.nanyo.yamagata.jp/dxchosei/5793,2026-07-12T01:28:53.056856+00:00,文書校正・編集,463,共感と内省を深めるための構造化リライト,https://nanyo-city.jpn.org/download_prompt/download.php?download=463,no,no
http://www.city.nanyo.yamagata.jp/dxchosei/5793,2026-07-12T01:28:53.056856+00:00,文書校正・編集,796,ユーザー固有の情報に着目した逆説的リライト,https://nanyo-line.github.io/prompt/796.html,no,no
http://www.city.nanyo.yamagata.jp/dxchosei/5793,2026-07-12T01:28:53.056856+00:00,文書校正・編集,109,文章を深掘りしリライト（再構築）する,https://nanyo-city.jpn.org/download_prompt/download.php?download=109,no,no
http://www.city.nanyo.yamagata.jp/dxchosei/5793,2026-07-12T01:28:53.056856+00:00,文書校正・編集,119,シナリオ（文章）をブラッシュアップする,https://nanyo-city.jpn.org/download_prompt/download.php?download=119,no,no
http://www.city.nanyo.yamagata.jp/dxchosei/5793,2026-07-12T01:28:53.056856+00:00,文書校正・編集,213,元の文章を洗練し、魅力的な内容に修正する,https://nanyo-city.jpn.org/download_prompt/download.php?download=213,no,no
http://www.city.nanyo.yamagata.jp/dxchosei/5793,2026-07-12T01:28:53.056856+00:00,文書校正・編集,252,文章全体の流れを改善するための提案,https://nanyo-city.jpn.org/download_prompt/download.php?download=252,no,no
http://www.city.nanyo.yamagata.jp/dxchosei/5793,2026-07-12T01:28:53.056856+00:00,文書校正・編集,344,文章の丁寧なリライト（再構築）,https://nanyo-city.jpn.org/download_prompt/download.php?download=344,no,no
http://www.city.nanyo.yamagata.jp/dxchosei/5793,2026-07-12T01:28:53.056856+00:00,文書校正・編集,444,多角的なフィードバックでの文章ブラッシュアップ,https://nanyo-city.jpn.org/download_prompt/download.php?download=444,no,no
http://www.city.nanyo.yamagata.jp/dxchosei/5793,2026-07-12T01:28:53.056856+00:00,文書校正・編集,272,読みにくい文章の特徴を特定し、校正する,https://nanyo-city.jpn.org/download_prompt/download.php?download=272,no,no
http://www.city.nanyo.yamagata.jp/dxchosei/5793,2026-07-12T01:28:53.056856+00:00,文書校正・編集,400,E-E-A-T対応SEOに基づいたブログ記事へブラッシュアップ,https://nanyo-city.jpn.org/download_prompt/download.php?download=400,no,no
http://www.city.nanyo.yamagata.jp/dxchosei/5793,2026-07-12T01:28:53.056856+00:00,文書校正・編集,636,究極のSEO最適化コラム構成設計,https://nanyo-city.jpn.org/download_prompt/download.php?download=636,no,no
http://www.city.nanyo.yamagata.jp/dxchosei/5793,2026-07-12T01:28:53.056856+00:00,文書校正・編集,760,「SEO対策」Navboost対策コーチング・プロンプト,https://nanyo-line.github.io/prompt/760.html,no,no
http://www.city.nanyo.yamagata.jp/dxchosei/5793,2026-07-12T01:28:53.056856+00:00,文書校正・編集,102,作成した文章のフォーマットを抽出する,https://nanyo-city.jpn.org/download_prompt/download.php?download=102,no,no
http://www.city.nanyo.yamagata.jp/dxchosei/5793,2026-07-12T01:28:53.056856+00:00,文書校正・編集,125,文章構成要素抽出とフレームワーク分析に基づいた文章リライト,https://nanyo-city.jpn.org/download_prompt/download.php?download=125,no,no
http://www.city.nanyo.yamagata.jp/dxchosei/5793,2026-07-12T01:28:53.056856+00:00,文書校正・編集,152,単語の繰り返しを解析する,https://nanyo-city.jpn.org/download_prompt/download.php?download=152,no,no
http://www.city.nanyo.yamagata.jp/dxchosei/5793,2026-07-12T01:28:53.056856+00:00,文書校正・編集,540,複雑な情報の視覚的再構成プロンプト,https://nanyo-city.jpn.org/download_prompt/download.php?download=540,no,no
http://www.city.nanyo.yamagata.jp/dxchosei/5793,2026-07-12T01:28:53.056856+00:00,文書校正・編集,748,正確性を追求する根拠管理・意思決定支援プロンプト,https://nanyo-line.github.io/prompt/748.html,no,no
http://www.city.nanyo.yamagata.jp/dxchosei/5793,2026-07-12T01:28:53.056856+00:00,アイデア創出・企画,2,ホームページやチラシなどのタイトル付けに活用する,https://nanyo-city.jpn.org/download_prompt/download.php?download=2,no,no
http://www.city.nanyo.yamagata.jp/dxchosei/5793,2026-07-12T01:28:53.056856+00:00,アイデア創出・企画,37,【簡単】キャッチコピーの案出し,https://nanyo-city.jpn.org/download_prompt/download.php?download=37,no,no
http://www.city.nanyo.yamagata.jp/dxchosei/5793,2026-07-12T01:28:53.056856+00:00,アイデア創出・企画,89,講座（セミナー）の魅力を伝えるキャッチコピーを作る,https://nanyo-city.jpn.org/download_prompt/download.php?download=89,no,no
http://www.city.nanyo.yamagata.jp/dxchosei/5793,2026-07-12T01:28:53.056856+00:00,アイデア創出・企画,175,効果的なマーケティング戦略を立案,https://nanyo-city.jpn.org/download_prompt/download.php?download=175,no,no
http://www.city.nanyo.yamagata.jp/dxchosei/5793,2026-07-12T01:28:53.056856+00:00,アイデア創出・企画,321,ユーザーの要望に応じた調査計画書の作成,https://nanyo-city.jpn.org/download_prompt/download.php?download=321,no,no
http://www.city.nanyo.yamagata.jp/dxchosei/5793,2026-07-12T01:28:53.056856+00:00,アイデア創出・企画,158,業務で斬新なアイデアを出す,https://nanyo-city.jpn.org/download_prompt/download.php?download=158,no,no
http://www.city.nanyo.yamagata.jp/dxchosei/5793,2026-07-12T01:28:53.056856+00:00,アイデア創出・企画,234,アイディアマトリックスを活用した斬新なアイディア創出,https://nanyo-city.jpn.org/download_prompt/download.php?download=234,no,no
http://www.city.nanyo.yamagata.jp/dxchosei/5793,2026-07-12T01:28:53.056856+00:00,アイデア創出・企画,396,２要素技術組み合わせによる新規ビジネス応用アイデア創出,https://nanyo-city.jpn.org/download_prompt/download.php?download=396,no,no
http://www.city.nanyo.yamagata.jp/dxchosei/5793,2026-07-12T01:28:53.056856+00:00,アイデア創出・企画,513,従来の延長線上には無い、新しい発想での解決策を検討する,https://nanyo-city.jpn.org/download_prompt/download.php?download=513,no,no
http://www.city.nanyo.yamagata.jp/dxchosei/5793,2026-07-12T01:28:53.056856+00:00,アイデア創出・企画,538,逆転発想・非常識なアプローチのアイディア出し,https://nanyo-city.jpn.org/download_prompt/download.php?download=538,no,no
http://www.city.nanyo.yamagata.jp/dxchosei/5793,2026-07-12T01:28:53.056856+00:00,アイデア創出・企画,571,ゼロからイチを共創するビジョン発想プロンプト,https://nanyo-city.jpn.org/download_prompt/download.php?download=571,no,no
http://www.city.nanyo.yamagata.jp/dxchosei/5793,2026-07-12T01:28:53.056856+00:00,アイデア創出・企画,698,「多様性」「新規性」発想プロンプト,https://nanyo-line.github.io/prompt/698.html,no,no
http://www.city.nanyo.yamagata.jp/dxchosei/5793,2026-07-12T01:28:53.056856+00:00,アイデア創出・企画,777,論点思考（イシュー思考）による会議変革エージェント,https://nanyo-line.github.io/prompt/777.html,no,no
http://www.city.nanyo.yamagata.jp/dxchosei/5793,2026-07-12T01:28:53.056856+00:00,アイデア創出・企画,781,自分だけのひらめきを引き出すプロンプト,https://nanyo-line.github.io/prompt/781.html,no,no
http://www.city.nanyo.yamagata.jp/dxchosei/5793,2026-07-12T01:28:53.056856+00:00,アイデア創出・企画,809,NRPS法で事業アイディアを整理する,https://nanyo-line.github.io/prompt/809.html,no,no
http://www.city.nanyo.yamagata.jp/dxchosei/5793,2026-07-12T01:28:53.056856+00:00,アイデア創出・企画,160,オズボーンのチェックリストを活用したアイデア発想,https://nanyo-city.jpn.org/download_prompt/download.php?download=160,no,no
http://www.city.nanyo.yamagata.jp/dxchosei/5793,2026-07-12T01:28:53.056856+00:00,アイデア創出・企画,193,ロジックツリーでフレームワーク作成,https://nanyo-city.jpn.org/download_prompt/download.php?download=193,no,no
http://www.city.nanyo.yamagata.jp/dxchosei/5793,2026-07-12T01:28:53.056856+00:00,アイデア創出・企画,194,コンセプト立案とSTP分析フレームワーク作成,https://nanyo-city.jpn.org/download_prompt/download.php?download=194,no,no
http://www.city.nanyo.yamagata.jp/dxchosei/5793,2026-07-12T01:28:53.056856+00:00,アイデア創出・企画,357,アイデアのネガポジ分析と改善提案,https://nanyo-city.jpn.org/download_prompt/download.php?download=357,no,no
http://www.city.nanyo.yamagata.jp/dxchosei/5793,2026-07-12T01:28:53.056856+00:00,アイデア創出・企画,456,創造的アイディア創発フレームワーク,https://nanyo-city.jpn.org/download_prompt/download.php?download=456,no,no
http://www.city.nanyo.yamagata.jp/dxchosei/5793,2026-07-12T01:28:53.056856+00:00,アイデア創出・企画,737,PDR（Prep-Do-Review）高速実行・価値創出,https://nanyo-line.github.io/prompt/737.html,no,no
http://www.city.nanyo.yamagata.jp/dxchosei/5793,2026-07-12T01:28:53.056856+00:00,アイデア創出・企画,786,「積極戦略」立案のためクロスSWOT分析,https://nanyo-line.github.io/prompt/786.html,no,no
http://www.city.nanyo.yamagata.jp/dxchosei/5793,2026-07-12T01:28:53.056856+00:00,アイデア創出・企画,57,企画立案に向けたアイデア出し,https://nanyo-city.jpn.org/download_prompt/download.php?download=57,no,no
http://www.city.nanyo.yamagata.jp/dxchosei/5793,2026-07-12T01:28:53.056856+00:00,アイデア創出・企画,230,新規事業を作る為に大事な３つの柱を考える,https://nanyo-city.jpn.org/download_prompt/download.php?download=230,no,no
http://www.city.nanyo.yamagata.jp/dxchosei/5793,2026-07-12T01:28:53.056856+00:00,アイデア創出・企画,468,事業計画ロードマップ骨子作成支援プロンプト,https://nanyo-city.jpn.org/download_prompt/download.php?download=468,no,no
http://www.city.nanyo.yamagata.jp/dxchosei/5793,2026-07-12T01:28:53.056856+00:00,アイデア創出・企画,708,概念具現化・マニフェストエンジン,https://nanyo-line.github.io/prompt/708.html,no,no
http://www.city.nanyo.yamagata.jp/dxchosei/5793,2026-07-12T01:28:53.056856+00:00,アイデア創出・企画,741,即実行を導き出すための、多角的戦略検証思考,https://nanyo-line.github.io/prompt/741.html,no,no
http://www.city.nanyo.yamagata.jp/dxchosei/5793,2026-07-12T01:28:53.056856+00:00,アイデア創出・企画,346,視点切り替えによる多角的アイディア創出,https://nanyo-city.jpn.org/download_prompt/download.php?download=346,no,no
http://www.city.nanyo.yamagata.jp/dxchosei/5793,2026-07-12T01:28:53.056856+00:00,アイデア創出・企画,358,ワン・オフチャット・リマインドのためのプロンプト,https://nanyo-city.jpn.org/download_prompt/download.php?download=358,no,no
http://www.city.nanyo.yamagata.jp/dxchosei/5793,2026-07-12T01:28:53.056856+00:00,アイデア創出・企画,825,企画を解体しエッジを研ぎ澄ます「引き算」プロンプト,https://nanyo-line.github.io/prompt/825.html,no,no
http://www.city.nanyo.yamagata.jp/dxchosei/5793,2026-07-12T01:28:53.056856+00:00,アイデア創出・企画,34,TEFCAS思考を活用した社会課題解決アプローチ方法探求,https://nanyo-city.jpn.org/download_prompt/download.php?download=34,no,no
http://www.city.nanyo.yamagata.jp/dxchosei/5793,2026-07-12T01:28:53.056856+00:00,アイデア創出・企画,96,新たな行政サービスのアイディアを創出する,https://nanyo-city.jpn.org/download_prompt/download.php?download=96,no,no
http://www.city.nanyo.yamagata.jp/dxchosei/5793,2026-07-12T01:28:53.056856+00:00,アイデア創出・企画,348,オセロ理論を活用した社会課題解決戦略プロンプト,https://nanyo-city.jpn.org/download_prompt/download.php?download=348,no,no
http://www.city.nanyo.yamagata.jp/dxchosei/5793,2026-07-12T01:28:53.056856+00:00,アイデア創出・企画,415,「社会的証明」活用アイデア提案,https://nanyo-city.jpn.org/download_prompt/download.php?download=415,no,no
http://www.city.nanyo.yamagata.jp/dxchosei/5793,2026-07-12T01:28:53.056856+00:00,アイデア創出・企画,449,地域課題解決に対し「正解」と「逆解」から第三の選択肢を生む（PREP論法）プロンプト,https://nanyo-city.jpn.org/download_prompt/download.php?download=449,no,no
http://www.city.nanyo.yamagata.jp/dxchosei/5793,2026-07-12T01:28:53.056856+00:00,アイデア創出・企画,515,課題抽出、課題検討、企画書作成,https://nanyo-city.jpn.org/download_prompt/download.php?download=515,no,no
http://www.city.nanyo.yamagata.jp/dxchosei/5793,2026-07-12T01:28:53.056856+00:00,アイデア創出・企画,522,ETOP分析を使った社会課題解決プロンプト,https://nanyo-city.jpn.org/download_prompt/download.php?download=522,no,no
http://www.city.nanyo.yamagata.jp/dxchosei/5793,2026-07-12T01:28:53.056856+00:00,アイデア創出・企画,565,意図的に情報を隠した課題解決アプローチ法,https://nanyo-city.jpn.org/download_prompt/download.php?download=565,no,no
http://www.city.nanyo.yamagata.jp/dxchosei/5793,2026-07-12T01:28:53.056856+00:00,アイデア創出・企画,38,【簡単】イベントの企画作成,https://nanyo-city.jpn.org/download_prompt/download.php?download=38,no,no
http://www.city.nanyo.yamagata.jp/dxchosei/5793,2026-07-12T01:28:53.056856+00:00,アイデア創出・企画,92,多様なワーカーのコラボ企画書を作成する,https://nanyo-city.jpn.org/download_prompt/download.php?download=92,no,no
http://www.city.nanyo.yamagata.jp/dxchosei/5793,2026-07-12T01:28:53.056856+00:00,アイデア創出・企画,101,地域の魅力を最大限に引き出す、観光客の心を掴むイベント作成,https://nanyo-city.jpn.org/download_prompt/download.php?download=101,no,no
http://www.city.nanyo.yamagata.jp/dxchosei/5793,2026-07-12T01:28:53.056856+00:00,アイデア創出・企画,113,組織をけん引するビジョンを創る,https://nanyo-city.jpn.org/download_prompt/download.php?download=113,no,no
http://www.city.nanyo.yamagata.jp/dxchosei/5793,2026-07-12T01:28:53.056856+00:00,アイデア創出・企画,195,プロモーション戦略立案作成,https://nanyo-city.jpn.org/download_prompt/download.php?download=195,no,no
http://www.city.nanyo.yamagata.jp/dxchosei/5793,2026-07-12T01:28:53.056856+00:00,アイデア創出・企画,314,フレームワークを活用して記憶に残るプロモーション文作成,https://nanyo-city.jpn.org/download_prompt/download.php?download=314,no,no
http://www.city.nanyo.yamagata.jp/dxchosei/5793,2026-07-12T01:28:53.056856+00:00,アイデア創出・企画,395,組織理念体系 (ミッション・ビジョン・バリュー) 作成支援,https://nanyo-city.jpn.org/download_prompt/download.php?download=395,no,no
http://www.city.nanyo.yamagata.jp/dxchosei/5793,2026-07-12T01:28:53.056856+00:00,アイデア創出・企画,402,経営理念（MVV）を実践に繋げるアドバイス,https://nanyo-city.jpn.org/download_prompt/download.php?download=402,no,no
http://www.city.nanyo.yamagata.jp/dxchosei/5793,2026-07-12T01:28:53.056856+00:00,アイデア創出・企画,594,バックキャスティングによる未来シナリオ構築と戦略提案,https://nanyo-city.jpn.org/download_prompt/download.php?download=594,no,no
http://www.city.nanyo.yamagata.jp/dxchosei/5793,2026-07-12T01:28:53.056856+00:00,アイデア創出・企画,205,地域資源を活用したサービス開発提案書作成,https://nanyo-city.jpn.org/download_prompt/download.php?download=205,no,no
http://www.city.nanyo.yamagata.jp/dxchosei/5793,2026-07-12T01:28:53.056856+00:00,アイデア創出・企画,206,地域ブランドストーリー作成,https://nanyo-city.jpn.org/download_prompt/download.php?download=206,no,no
http://www.city.nanyo.yamagata.jp/dxchosei/5793,2026-07-12T01:28:53.056856+00:00,アイデア創出・企画,207,地域ブランドのための広報資料を作成する,https://nanyo-city.jpn.org/download_prompt/download.php?download=207,no,no
http://www.city.nanyo.yamagata.jp/dxchosei/5793,2026-07-12T01:28:53.056856+00:00,アイデア創出・企画,20,プロジェクト推進フレームワーク選択のためのチェックリスト生成,https://nanyo-city.jpn.org/download_prompt/download.php?download=20,no,no
http://www.city.nanyo.yamagata.jp/dxchosei/5793,2026-07-12T01:28:53.056856+00:00,アイデア創出・企画,40,【簡単】市民の声を反映した施策案作成,https://nanyo-city.jpn.org/download_prompt/download.php?download=40,no,no
http://www.city.nanyo.yamagata.jp/dxchosei/5793,2026-07-12T01:28:53.056856+00:00,アイデア創出・企画,99,グループワークの課題を設計する,https://nanyo-city.jpn.org/download_prompt/download.php?download=99,no,no
http://www.city.nanyo.yamagata.jp/dxchosei/5793,2026-07-12T01:28:53.056856+00:00,アイデア創出・企画,367,プロジェクトキックオフミーティング資料構成案の作成,https://nanyo-city.jpn.org/download_prompt/download.php?download=367,no,no
http://www.city.nanyo.yamagata.jp/dxchosei/5793,2026-07-12T01:28:53.056856+00:00,アイデア創出・企画,493,AIとの対話による包括的な資料作成プロセスガイド,https://nanyo-city.jpn.org/download_prompt/download.php?download=493,no,no
http://www.city.nanyo.yamagata.jp/dxchosei/5793,2026-07-12T01:28:53.056856+00:00,アイデア創出・企画,521,エビデンス調査と根拠ある実践支援プロンプト,https://nanyo-city.jpn.org/download_prompt/download.php?download=521,no,no
http://www.city.nanyo.yamagata.jp/dxchosei/5793,2026-07-12T01:28:53.056856+00:00,アイデア創出・企画,22,【課題解決】とりあえず生成AIに相談してみる,https://nanyo-city.jpn.org/download_prompt/download.php?download=22,no,no
http://www.city.nanyo.yamagata.jp/dxchosei/5793,2026-07-12T01:28:53.056856+00:00,アイデア創出・企画,39,【簡単】施策のメリット・デメリットの洗い出し,https://nanyo-city.jpn.org/download_prompt/download.php?download=39,no,no
http://www.city.nanyo.yamagata.jp/dxchosei/5793,2026-07-12T01:28:53.056856+00:00,アイデア創出・企画,368,業務の可視化と課題マッピング表の作成,https://nanyo-city.jpn.org/download_prompt/download.php?download=368,no,no
http://www.city.nanyo.yamagata.jp/dxchosei/5793,2026-07-12T01:28:53.056856+00:00,アイデア創出・企画,824,伴走支援：困りごとを一行入れるだけで、ベテランのように考えてもらう,https://nanyo-line.github.io/prompt/824.html,no,no
http://www.city.nanyo.yamagata.jp/dxchosei/5793,2026-07-12T01:28:53.056856+00:00,アイデア創出・企画,217,ゴールドラッド博士の対立解消図を使用し、根本的な問題を解決,https://nanyo-city.jpn.org/download_prompt/download.php?download=217,no,no
http://www.city.nanyo.yamagata.jp/dxchosei/5793,2026-07-12T01:28:53.056856+00:00,アイデア創出・企画,555,目指す姿（To-Be）に向けて『シナリオグラフ』を使った改善要素の抽出,https://nanyo-city.jpn.org/download_prompt/download.php?download=555,no,no
http://www.city.nanyo.yamagata.jp/dxchosei/5793,2026-07-12T01:28:53.056856+00:00,アイデア創出・企画,556,シナリオグラフ活用型問題・課題解決,https://nanyo-city.jpn.org/download_prompt/download.php?download=556,no,no
http://www.city.nanyo.yamagata.jp/dxchosei/5793,2026-07-12T01:28:53.056856+00:00,アイデア創出・企画,601,AI思考構造化と課題解決戦略設計,https://nanyo-city.jpn.org/download_prompt/download.php?download=601,no,no
http://www.city.nanyo.yamagata.jp/dxchosei/5793,2026-07-12T01:28:53.056856+00:00,アイデア創出・企画,699,シナリオプランニング思考法,https://nanyo-line.github.io/prompt/699.html,no,no
http://www.city.nanyo.yamagata.jp/dxchosei/5793,2026-07-12T01:28:53.056856+00:00,アイデア創出・企画,709,逆転思考（簡略版）,https://nanyo-line.github.io/prompt/709.html,no,no
http://www.city.nanyo.yamagata.jp/dxchosei/5793,2026-07-12T01:28:53.056856+00:00,アイデア創出・企画,710,逆転思考による戦略精緻化,https://nanyo-line.github.io/prompt/710.html,no,no
http://www.city.nanyo.yamagata.jp/dxchosei/5793,2026-07-12T01:28:53.056856+00:00,アイデア創出・企画,718,思考の霧を晴らす,https://nanyo-line.github.io/prompt/718.html,no,no
http://www.city.nanyo.yamagata.jp/dxchosei/5793,2026-07-12T01:28:53.056856+00:00,アイデア創出・企画,720,サブエージェント思考による課題解決,https://nanyo-line.github.io/prompt/720.html,no,no
http://www.city.nanyo.yamagata.jp/dxchosei/5793,2026-07-12T01:28:53.056856+00:00,アイデア創出・企画,768,思考の深掘りを探求する,https://nanyo-line.github.io/prompt/768.html,no,no
http://www.city.nanyo.yamagata.jp/dxchosei/5793,2026-07-12T01:28:53.056856+00:00,アイデア創出・企画,770,戦略的思考の羅針盤：深掘り最適化,https://nanyo-line.github.io/prompt/770.html,no,no
http://www.city.nanyo.yamagata.jp/dxchosei/5793,2026-07-12T01:28:53.056856+00:00,アイデア創出・企画,773,パラダイムシフト（思考転換）,https://nanyo-line.github.io/prompt/773.html,no,no
http://www.city.nanyo.yamagata.jp/dxchosei/5793,2026-07-12T01:28:53.056856+00:00,アイデア創出・企画,97,過去の挫折から新たな行動計画を策定する,https://nanyo-city.jpn.org/download_prompt/download.php?download=97,no,no
http://www.city.nanyo.yamagata.jp/dxchosei/5793,2026-07-12T01:28:53.056856+00:00,アイデア創出・企画,235,主張の奥底にあるバイアスを引き出す,https://nanyo-city.jpn.org/download_prompt/download.php?download=235,no,no
http://www.city.nanyo.yamagata.jp/dxchosei/5793,2026-07-12T01:28:53.056856+00:00,アイデア創出・企画,280,スキャフォールディング（足場かけ学習）で問題を解決,https://nanyo-city.jpn.org/download_prompt/download.php?download=280,no,no
http://www.city.nanyo.yamagata.jp/dxchosei/5793,2026-07-12T01:28:53.056856+00:00,アイデア創出・企画,675,『楽な選択』を許さない責任者のための判断妥当性検証プロンプト,https://nanyo-line.github.io/prompt/675.html,no,no
http://www.city.nanyo.yamagata.jp/dxchosei/5793,2026-07-12T01:28:53.056856+00:00,アイデア創出・企画,161,アンケート分析レポートを作成する,https://nanyo-city.jpn.org/download_prompt/download.php?download=161,no,no
http://www.city.nanyo.yamagata.jp/dxchosei/5793,2026-07-12T01:28:53.056856+00:00,アイデア創出・企画,300,アンケート自由回答の感情分析プロンプト,https://nanyo-city.jpn.org/download_prompt/download.php?download=300,no,no
http://www.city.nanyo.yamagata.jp/dxchosei/5793,2026-07-12T01:28:53.056856+00:00,アイデア創出・企画,403,アンケート結果の分析と要点抽出レポート作成,https://nanyo-city.jpn.org/download_prompt/download.php?download=403,no,no
http://www.city.nanyo.yamagata.jp/dxchosei/5793,2026-07-12T01:28:53.056856+00:00,アイデア創出・企画,484,アンケート集計・分析支援プロンプト,https://nanyo-city.jpn.org/download_prompt/download.php?download=484,no,no
http://www.city.nanyo.yamagata.jp/dxchosei/5793,2026-07-12T01:28:53.056856+00:00,アイデア創出・企画,743,２つのアンケート結果の比較分析 AType,https://nanyo-line.github.io/prompt/743.html,no,no
http://www.city.nanyo.yamagata.jp/dxchosei/5793,2026-07-12T01:28:53.056856+00:00,アイデア創出・企画,744,２つのアンケート結果の比較分析 BType,https://nanyo-line.github.io/prompt/744.html,no,no
http://www.city.nanyo.yamagata.jp/dxchosei/5793,2026-07-12T01:28:53.056856+00:00,アイデア創出・企画,804,データ分析の落とし穴を回避する,https://nanyo-line.github.io/prompt/804.html,no,no
http://www.city.nanyo.yamagata.jp/dxchosei/5793,2026-07-12T01:28:53.056856+00:00,アイデア創出・企画,347,ギャップ分析プロンプト,https://nanyo-city.jpn.org/download_prompt/download.php?download=347,no,no
http://www.city.nanyo.yamagata.jp/dxchosei/5793,2026-07-12T01:28:53.056856+00:00,アイデア創出・企画,458,２つの考えの概要と関連性の分析,https://nanyo-city.jpn.org/download_prompt/download.php?download=458,no,no
http://www.city.nanyo.yamagata.jp/dxchosei/5793,2026-07-12T01:28:53.056856+00:00,アイデア創出・企画,480,提示概念が解決する悩み・課題の分析,https://nanyo-city.jpn.org/download_prompt/download.php?download=480,no,no
http://www.city.nanyo.yamagata.jp/dxchosei/5793,2026-07-12T01:28:53.056856+00:00,アイデア創出・企画,376,ジョージ・ポリアの問題解決ステップによる問題分析と解決,https://nanyo-city.jpn.org/download_prompt/download.php?download=376,no,no
http://www.city.nanyo.yamagata.jp/dxchosei/5793,2026-07-12T01:28:53.056856+00:00,アイデア創出・企画,554,テーマに対する「現状シナリオ」と「解決策」を作成する,https://nanyo-city.jpn.org/download_prompt/download.php?download=554,no,no
http://www.city.nanyo.yamagata.jp/dxchosei/5793,2026-07-12T01:28:53.056856+00:00,アイデア創出・企画,688,５つの役割を持つＡＩに同時討論させる,https://nanyo-line.github.io/prompt/688.html,no,no
http://www.city.nanyo.yamagata.jp/dxchosei/5793,2026-07-12T01:28:53.056856+00:00,アイデア創出・企画,726,未解明の難問を解くためのプロンプト,https://nanyo-line.github.io/prompt/726.html,no,no
http://www.city.nanyo.yamagata.jp/dxchosei/5793,2026-07-12T01:28:53.056856+00:00,アイデア創出・企画,103,目標達成を支援する効果的なステップガイド,https://nanyo-city.jpn.org/download_prompt/download.php?download=103,no,no
http://www.city.nanyo.yamagata.jp/dxchosei/5793,2026-07-12T01:28:53.056856+00:00,アイデア創出・企画,223,3ヶ月目標達成のためのスケジュール最適化計画,https://nanyo-city.jpn.org/download_prompt/download.php?download=223,no,no
http://www.city.nanyo.yamagata.jp/dxchosei/5793,2026-07-12T01:28:53.056856+00:00,アイデア創出・企画,238,新規事業の目標達成要素を抽出する,https://nanyo-city.jpn.org/download_prompt/download.php?download=238,no,no
http://www.city.nanyo.yamagata.jp/dxchosei/5793,2026-07-12T01:28:53.056856+00:00,アイデア創出・企画,247,目標達成アクションプランの策定,https://nanyo-city.jpn.org/download_prompt/download.php?download=247,no,no
http://www.city.nanyo.yamagata.jp/dxchosei/5793,2026-07-12T01:28:53.056856+00:00,アイデア創出・企画,323,目標達成ロードマップ作成,https://nanyo-city.jpn.org/download_prompt/download.php?download=323,no,no
http://www.city.nanyo.yamagata.jp/dxchosei/5793,2026-07-12T01:28:53.056856+00:00,アイデア創出・企画,506,目標達成のための心理学的アプローチ提案,https://nanyo-city.jpn.org/download_prompt/download.php?download=506,no,no
http://www.city.nanyo.yamagata.jp/dxchosei/5793,2026-07-12T01:28:53.056856+00:00,アイデア創出・企画,382,分析テーマの真因を解明し、改善施策につなげる,https://nanyo-city.jpn.org/download_prompt/download.php?download=382,no,no
http://www.city.nanyo.yamagata.jp/dxchosei/5793,2026-07-12T01:28:53.056856+00:00,アイデア創出・企画,487,ユーザー依頼に基づく包括的な調査分析,https://nanyo-city.jpn.org/download_prompt/download.php?download=487,no,no
http://www.city.nanyo.yamagata.jp/dxchosei/5793,2026-07-12T01:28:53.056856+00:00,アイデア創出・企画,488,ユーザー依頼に基づく包括的な調査分析（AIエージェント用）,https://nanyo-city.jpn.org/download_prompt/download.php?download=488,no,no
http://www.city.nanyo.yamagata.jp/dxchosei/5793,2026-07-12T01:28:53.056856+00:00,アイデア創出・企画,697,9つの視点の「探索のコツ」を使った分析,https://nanyo-line.github.io/prompt/697.html,no,no
http://www.city.nanyo.yamagata.jp/dxchosei/5793,2026-07-12T01:28:53.056856+00:00,アイデア創出・企画,700,やることを削ぎ落とすプロンプト,https://nanyo-line.github.io/prompt/700.html,no,no
http://www.city.nanyo.yamagata.jp/dxchosei/5793,2026-07-12T01:28:53.056856+00:00,アイデア創出・企画,59,作業手順・手法の提案を求める,https://nanyo-city.jpn.org/download_prompt/download.php?download=59,no,no
http://www.city.nanyo.yamagata.jp/dxchosei/5793,2026-07-12T01:28:53.056856+00:00,アイデア創出・企画,430,手順の整理：段階的かつ時系列的な情報整理テンプレート,https://nanyo-city.jpn.org/download_prompt/download.php?download=430,no,no
http://www.city.nanyo.yamagata.jp/dxchosei/5793,2026-07-12T01:28:53.056856+00:00,アイデア創出・企画,511,作業引き継ぎのための議事録作成,https://nanyo-city.jpn.org/download_prompt/download.php?download=511,no,no
http://www.city.nanyo.yamagata.jp/dxchosei/5793,2026-07-12T01:28:53.056856+00:00,アイデア創出・企画,532,情報のチャンク化と記憶力向上支援,https://nanyo-city.jpn.org/download_prompt/download.php?download=532,no,no
http://www.city.nanyo.yamagata.jp/dxchosei/5793,2026-07-12T01:28:53.056856+00:00,アイデア創出・企画,687,大判用紙にまとめられた付箋紙をカメラで読み取って整理する,https://nanyo-line.github.io/prompt/687.html,no,no
http://www.city.nanyo.yamagata.jp/dxchosei/5793,2026-07-12T01:28:53.056856+00:00,アイデア創出・企画,159,政策・事業への意見を求める,https://nanyo-city.jpn.org/download_prompt/download.php?download=159,no,no
http://www.city.nanyo.yamagata.jp/dxchosei/5793,2026-07-12T01:28:53.056856+00:00,アイデア創出・企画,354,高度なクエリファンアウト（ニーズ先回り質問）を実現する,https://nanyo-city.jpn.org/download_prompt/download.php?download=354,no,no
http://www.city.nanyo.yamagata.jp/dxchosei/5793,2026-07-12T01:28:53.056856+00:00,アイデア創出・企画,414,不毛な水掛け論を防ぐ反対意見プロンプト,https://nanyo-city.jpn.org/download_prompt/download.php?download=414,no,no
http://www.city.nanyo.yamagata.jp/dxchosei/5793,2026-07-12T01:28:53.056856+00:00,アイデア創出・企画,85,事業（ビジネス）提案書作成,https://nanyo-city.jpn.org/download_prompt/download.php?download=85,no,no
http://www.city.nanyo.yamagata.jp/dxchosei/5793,2026-07-12T01:28:53.056856+00:00,アイデア創出・企画,147,クラウドファンディングプロジェクト概要書作成,https://nanyo-city.jpn.org/download_prompt/download.php?download=147,no,no
http://www.city.nanyo.yamagata.jp/dxchosei/5793,2026-07-12T01:28:53.056856+00:00,業務改善,127,業務プロセスの整理と理解しやすい業務企画書の構築,https://nanyo-city.jpn.org/download_prompt/download.php?download=127,no,no
http://www.city.nanyo.yamagata.jp/dxchosei/5793,2026-07-12T01:28:53.056856+00:00,業務改善,137,プロセス改善手順書の作成,https://nanyo-city.jpn.org/download_prompt/download.php?download=137,no,no
http://www.city.nanyo.yamagata.jp/dxchosei/5793,2026-07-12T01:28:53.056856+00:00,業務改善,138,問題解決のプロセスを文書化する,https://nanyo-city.jpn.org/download_prompt/download.php?download=138,no,no
http://www.city.nanyo.yamagata.jp/dxchosei/5793,2026-07-12T01:28:53.056856+00:00,業務改善,140,カイゼン事例データベースを構築する,https://nanyo-city.jpn.org/download_prompt/download.php?download=140,no,no
http://www.city.nanyo.yamagata.jp/dxchosei/5793,2026-07-12T01:28:53.056856+00:00,業務改善,278,ECRS(イクルス)を活用した業務仕分け,https://nanyo-city.jpn.org/download_prompt/download.php?download=278,no,no
http://www.city.nanyo.yamagata.jp/dxchosei/5793,2026-07-12T01:28:53.056856+00:00,業務改善,349,特定業種におけるワークフロー改善提案書作成支援,https://nanyo-city.jpn.org/download_prompt/download.php?download=349,no,no
http://www.city.nanyo.yamagata.jp/dxchosei/5793,2026-07-12T01:28:53.056856+00:00,業務改善,394,庁内プロジェクトナレッジ共有記事作成支援,https://nanyo-city.jpn.org/download_prompt/download.php?download=394,no,no
http://www.city.nanyo.yamagata.jp/dxchosei/5793,2026-07-12T01:28:53.056856+00:00,業務改善,420,業務手順書・ワークフロー可視化プロンプト,https://nanyo-city.jpn.org/download_prompt/download.php?download=420,no,no
http://www.city.nanyo.yamagata.jp/dxchosei/5793,2026-07-12T01:28:53.056856+00:00,業務改善,441,業務改善報告メモ作成ガイド,https://nanyo-city.jpn.org/download_prompt/download.php?download=441,no,no
http://www.city.nanyo.yamagata.jp/dxchosei/5793,2026-07-12T01:28:53.056856+00:00,業務改善,564,業務に役立つ実践型学習資料の作成,https://nanyo-city.jpn.org/download_prompt/download.php?download=564,no,no
http://www.city.nanyo.yamagata.jp/dxchosei/5793,2026-07-12T01:28:53.056856+00:00,業務改善,793,PDCAサイクルシート作成支援と整合性チェック,https://nanyo-line.github.io/prompt/793.html,no,no
http://www.city.nanyo.yamagata.jp/dxchosei/5793,2026-07-12T01:28:53.056856+00:00,業務改善,172,組織の内部統制現状レポート（COSO）,https://nanyo-city.jpn.org/download_prompt/download.php?download=172,no,no
http://www.city.nanyo.yamagata.jp/dxchosei/5793,2026-07-12T01:28:53.056856+00:00,業務改善,678,「組織を動かす」動きをアシストするプロンプト,https://nanyo-line.github.io/prompt/678.html,no,no
http://www.city.nanyo.yamagata.jp/dxchosei/5793,2026-07-12T01:28:53.056856+00:00,業務改善,211,ターゲットが行動しやすくなるコンセプトを生成する,https://nanyo-city.jpn.org/download_prompt/download.php?download=211,no,no
http://www.city.nanyo.yamagata.jp/dxchosei/5793,2026-07-12T01:28:53.056856+00:00,業務改善,229,課題提起型文章の作成によるターゲットの行動促進,https://nanyo-city.jpn.org/download_prompt/download.php?download=229,no,no
http://www.city.nanyo.yamagata.jp/dxchosei/5793,2026-07-12T01:28:53.056856+00:00,業務改善,184,行動の妥当性を確認する,https://nanyo-city.jpn.org/download_prompt/download.php?download=184,no,no
http://www.city.nanyo.yamagata.jp/dxchosei/5793,2026-07-12T01:28:53.056856+00:00,業務改善,450,“記憶リセット”と自己継承による多重視点思考,https://nanyo-city.jpn.org/download_prompt/download.php?download=450,no,no
http://www.city.nanyo.yamagata.jp/dxchosei/5793,2026-07-12T01:28:53.056856+00:00,業務改善,512,自己省察的推論アシスタントの思考プロセス,https://nanyo-city.jpn.org/download_prompt/download.php?download=512,no,no
http://www.city.nanyo.yamagata.jp/dxchosei/5793,2026-07-12T01:28:53.056856+00:00,業務改善,592,自己修正とメタ認知による思考深化プロンプト,https://nanyo-city.jpn.org/download_prompt/download.php?download=592,no,no
http://www.city.nanyo.yamagata.jp/dxchosei/5793,2026-07-12T01:28:53.056856+00:00,業務改善,600,メタ憲法に基づく高次元思考エージェント,https://nanyo-city.jpn.org/download_prompt/download.php?download=600,no,no
http://www.city.nanyo.yamagata.jp/dxchosei/5793,2026-07-12T01:28:53.056856+00:00,業務改善,690,推論と事実の分離を思考する,https://nanyo-line.github.io/prompt/690.html,no,no
http://www.city.nanyo.yamagata.jp/dxchosei/5793,2026-07-12T01:28:53.056856+00:00,業務改善,232,推論 → 行動 → 観察（ReActプロンプト）,https://nanyo-city.jpn.org/download_prompt/download.php?download=232,no,no
http://www.city.nanyo.yamagata.jp/dxchosei/5793,2026-07-12T01:28:53.056856+00:00,業務改善,418,生成AIによる熟考プロセス模倣プロンプト,https://nanyo-city.jpn.org/download_prompt/download.php?download=418,no,no
http://www.city.nanyo.yamagata.jp/dxchosei/5793,2026-07-12T01:28:53.056856+00:00,業務改善,422,抽象と具体の思考サイクルで論点深掘り,https://nanyo-city.jpn.org/download_prompt/download.php?download=422,no,no
http://www.city.nanyo.yamagata.jp/dxchosei/5793,2026-07-12T01:28:53.056856+00:00,業務改善,451,「全体 → 部分 → 核心」の３段階思考プロンプト,https://nanyo-city.jpn.org/download_prompt/download.php?download=451,no,no
http://www.city.nanyo.yamagata.jp/dxchosei/5793,2026-07-12T01:28:53.056856+00:00,業務改善,586,思考の分岐・合流を繰り返すプロンプト,https://nanyo-city.jpn.org/download_prompt/download.php?download=586,no,no
http://www.city.nanyo.yamagata.jp/dxchosei/5793,2026-07-12T01:28:53.056856+00:00,業務改善,641,TOC思考：複雑な因果関係を論理構造化するプロンプト,https://nanyo-city.jpn.org/download_prompt/download.php?download=641,no,no
http://www.city.nanyo.yamagata.jp/dxchosei/5793,2026-07-12T01:28:53.056856+00:00,業務改善,671,認知補完プロンプト（文脈モデル）,https://nanyo-line.github.io/prompt/671.html,no,no
http://www.city.nanyo.yamagata.jp/dxchosei/5793,2026-07-12T01:28:53.056856+00:00,業務改善,707,再帰的推論プロンプト,https://nanyo-line.github.io/prompt/707.html,no,no
http://www.city.nanyo.yamagata.jp/dxchosei/5793,2026-07-12T01:28:53.056856+00:00,業務改善,780,文脈構造化・記憶管理プロンプト,https://nanyo-line.github.io/prompt/780.html,no,no
http://www.city.nanyo.yamagata.jp/dxchosei/5793,2026-07-12T01:28:53.056856+00:00,業務改善,183,悩み解決策を提案,https://nanyo-city.jpn.org/download_prompt/download.php?download=183,no,no
http://www.city.nanyo.yamagata.jp/dxchosei/5793,2026-07-12T01:28:53.056856+00:00,業務改善,599,グレッグ・マキューンの「エッセンシャル思考」,https://nanyo-city.jpn.org/download_prompt/download.php?download=599,no,no
http://www.city.nanyo.yamagata.jp/dxchosei/5793,2026-07-12T01:28:53.056856+00:00,業務改善,605,チェックシート設計のための思考整理プロンプト,https://nanyo-city.jpn.org/download_prompt/download.php?download=605,no,no
http://www.city.nanyo.yamagata.jp/dxchosei/5793,2026-07-12T01:28:53.056856+00:00,業務改善,635,低確率領域を探索する8つの視点プロンプト,https://nanyo-city.jpn.org/download_prompt/download.php?download=635,no,no
http://www.city.nanyo.yamagata.jp/dxchosei/5793,2026-07-12T01:28:53.056856+00:00,業務改善,363,壁打ちプロンプトによる思考整理サポート,https://nanyo-city.jpn.org/download_prompt/download.php?download=363,no,no
http://www.city.nanyo.yamagata.jp/dxchosei/5793,2026-07-12T01:28:53.056856+00:00,業務改善,751,思考のストレッチ読書ガイド,https://nanyo-line.github.io/prompt/751.html,no,no
http://www.city.nanyo.yamagata.jp/dxchosei/5793,2026-07-12T01:28:53.056856+00:00,業務改善,128,【簡単】問題を解決する（汎用的）,https://nanyo-city.jpn.org/download_prompt/download.php?download=128,no,no
http://www.city.nanyo.yamagata.jp/dxchosei/5793,2026-07-12T01:28:53.056856+00:00,業務改善,129,【簡単】業務進捗報告書作成,https://nanyo-city.jpn.org/download_prompt/download.php?download=129,no,no
http://www.city.nanyo.yamagata.jp/dxchosei/5793,2026-07-12T01:28:53.056856+00:00,業務改善,130,ホワイトペーパーの作成,https://nanyo-city.jpn.org/download_prompt/download.php?download=130,no,no
http://www.city.nanyo.yamagata.jp/dxchosei/5793,2026-07-12T01:28:53.056856+00:00,業務改善,166,プロジェクト進捗報告書を作成する,https://nanyo-city.jpn.org/download_prompt/download.php?download=166,no,no
http://www.city.nanyo.yamagata.jp/dxchosei/5793,2026-07-12T01:28:53.056856+00:00,業務改善,167,戦略的なプロジェクト計画書を作成する,https://nanyo-city.jpn.org/download_prompt/download.php?download=167,no,no
http://www.city.nanyo.yamagata.jp/dxchosei/5793,2026-07-12T01:28:53.056856+00:00,業務改善,171,プロジェクトの成果報告書を作成する,https://nanyo-city.jpn.org/download_prompt/download.php?download=171,no,no
http://www.city.nanyo.yamagata.jp/dxchosei/5793,2026-07-12T01:28:53.056856+00:00,業務改善,212,フローチャート作成の構成要素と注意ポイント生成,https://nanyo-city.jpn.org/download_prompt/download.php?download=212,no,no
http://www.city.nanyo.yamagata.jp/dxchosei/5793,2026-07-12T01:28:53.056856+00:00,業務改善,246,組織内業務規定とルールブックの作成・改訂,https://nanyo-city.jpn.org/download_prompt/download.php?download=246,no,no
http://www.city.nanyo.yamagata.jp/dxchosei/5793,2026-07-12T01:28:53.056856+00:00,業務改善,133,顧客対応マニュアル作成,https://nanyo-city.jpn.org/download_prompt/download.php?download=133,no,no
http://www.city.nanyo.yamagata.jp/dxchosei/5793,2026-07-12T01:28:53.056856+00:00,業務改善,197,顧客目線でのサービスのベネフィット特定,https://nanyo-city.jpn.org/download_prompt/download.php?download=197,no,no
http://www.city.nanyo.yamagata.jp/dxchosei/5793,2026-07-12T01:28:53.056856+00:00,業務改善,411,顧客ニーズ深掘り分析とサービス提案プロセス,https://nanyo-city.jpn.org/download_prompt/download.php?download=411,no,no
http://www.city.nanyo.yamagata.jp/dxchosei/5793,2026-07-12T01:28:53.056856+00:00,業務改善,144,目標を叶える為の中間目標を設定する,https://nanyo-city.jpn.org/download_prompt/download.php?download=144,no,no
http://www.city.nanyo.yamagata.jp/dxchosei/5793,2026-07-12T01:28:53.056856+00:00,業務改善,208,「SMARTの原則」を使って目標を設定する,https://nanyo-city.jpn.org/download_prompt/download.php?download=208,no,no
http://www.city.nanyo.yamagata.jp/dxchosei/5793,2026-07-12T01:28:53.056856+00:00,業務改善,244,10倍の成果を目指す目標設定を行う,https://nanyo-city.jpn.org/download_prompt/download.php?download=244,no,no
http://www.city.nanyo.yamagata.jp/dxchosei/5793,2026-07-12T01:28:53.056856+00:00,業務改善,327,リーダー向けゴール設定シート作成,https://nanyo-city.jpn.org/download_prompt/download.php?download=327,no,no
http://www.city.nanyo.yamagata.jp/dxchosei/5793,2026-07-12T01:28:53.056856+00:00,業務改善,470,成果物の評価基準の体系的設計と成功基準とのマッピング,https://nanyo-city.jpn.org/download_prompt/download.php?download=470,no,no
http://www.city.nanyo.yamagata.jp/dxchosei/5793,2026-07-12T01:28:53.056856+00:00,業務改善,495,計画に基づく事業の実施内容評価レポート作成,https://nanyo-city.jpn.org/download_prompt/download.php?download=495,no,no
http://www.city.nanyo.yamagata.jp/dxchosei/5793,2026-07-12T01:28:53.056856+00:00,業務改善,587,目標成果物の業界標準構成案作成,https://nanyo-city.jpn.org/download_prompt/download.php?download=587,no,no
http://www.city.nanyo.yamagata.jp/dxchosei/5793,2026-07-12T01:28:53.056856+00:00,業務改善,643,パイロット導入成功のための選定基準と評価計画書策定プロンプト,https://nanyo-city.jpn.org/download_prompt/download.php?download=643,no,no
http://www.city.nanyo.yamagata.jp/dxchosei/5793,2026-07-12T01:28:53.056856+00:00,業務改善,186,目標(KGI)だけ伝えて、達成に必要なKPIを抽出する,https://nanyo-city.jpn.org/download_prompt/download.php?download=186,no,no
http://www.city.nanyo.yamagata.jp/dxchosei/5793,2026-07-12T01:28:53.056856+00:00,業務改善,733,KPI達成に向けたロジック構築とモニタリング支援,https://nanyo-line.github.io/prompt/733.html,no,no
http://www.city.nanyo.yamagata.jp/dxchosei/5793,2026-07-12T01:28:53.056856+00:00,業務改善,734,納得感を生むKPI設定事由・構築プロンプト,https://nanyo-line.github.io/prompt/734.html,no,no
http://www.city.nanyo.yamagata.jp/dxchosei/5793,2026-07-12T01:28:53.056856+00:00,業務改善,735,戦略的KPI設定エージェント,https://nanyo-line.github.io/prompt/735.html,no,no
http://www.city.nanyo.yamagata.jp/dxchosei/5793,2026-07-12T01:28:53.056856+00:00,業務改善,146,論文速読法フレームワーク,https://nanyo-city.jpn.org/download_prompt/download.php?download=146,no,no
http://www.city.nanyo.yamagata.jp/dxchosei/5793,2026-07-12T01:28:53.056856+00:00,業務改善,155,チーム力を最大化する役割分担表を作成する,https://nanyo-city.jpn.org/download_prompt/download.php?download=155,no,no
http://www.city.nanyo.yamagata.jp/dxchosei/5793,2026-07-12T01:28:53.056856+00:00,業務改善,236,条件に応じた効果的なマネジメント方法の提案,https://nanyo-city.jpn.org/download_prompt/download.php?download=236,no,no
http://www.city.nanyo.yamagata.jp/dxchosei/5793,2026-07-12T01:28:53.056856+00:00,情報収集・分析,25,興味深いデータ分析レポートを作成しよう！,https://nanyo-city.jpn.org/download_prompt/download.php?download=25,no,no
http://www.city.nanyo.yamagata.jp/dxchosei/5793,2026-07-12T01:28:53.056856+00:00,情報収集・分析,143,最新技術が職場に与える影響を分析する,https://nanyo-city.jpn.org/download_prompt/download.php?download=143,no,no
http://www.city.nanyo.yamagata.jp/dxchosei/5793,2026-07-12T01:28:53.056856+00:00,情報収集・分析,173,財務分析プレゼンテーション用,https://nanyo-city.jpn.org/download_prompt/download.php?download=173,no,no
http://www.city.nanyo.yamagata.jp/dxchosei/5793,2026-07-12T01:28:53.056856+00:00,情報収集・分析,174,データ分析（EBPM）レポート作成,https://nanyo-city.jpn.org/download_prompt/download.php?download=174,no,no
http://www.city.nanyo.yamagata.jp/dxchosei/5793,2026-07-12T01:28:53.056856+00:00,情報収集・分析,185,フェルミ推定で概算値を求める,https://nanyo-city.jpn.org/download_prompt/download.php?download=185,no,no
http://www.city.nanyo.yamagata.jp/dxchosei/5793,2026-07-12T01:28:53.056856+00:00,情報収集・分析,187,漠然とした目標を数値化する,https://nanyo-city.jpn.org/download_prompt/download.php?download=187,no,no
http://www.city.nanyo.yamagata.jp/dxchosei/5793,2026-07-12T01:28:53.056856+00:00,情報収集・分析,352,MECEフレームワーク構築支援,https://nanyo-city.jpn.org/download_prompt/download.php?download=352,no,no
http://www.city.nanyo.yamagata.jp/dxchosei/5793,2026-07-12T01:28:53.056856+00:00,情報収集・分析,558,EBPMテーマに対する多角的仮説生成,https://nanyo-city.jpn.org/download_prompt/download.php?download=558,no,no
http://www.city.nanyo.yamagata.jp/dxchosei/5793,2026-07-12T01:28:53.056856+00:00,情報収集・分析,566,複数仮説の同時展開と最適解への収束,https://nanyo-city.jpn.org/download_prompt/download.php?download=566,no,no
http://www.city.nanyo.yamagata.jp/dxchosei/5793,2026-07-12T01:28:53.056856+00:00,情報収集・分析,683,生成AIによるVOC分析フレームワーク,https://nanyo-line.github.io/prompt/683.html,no,no
http://www.city.nanyo.yamagata.jp/dxchosei/5793,2026-07-12T01:28:53.056856+00:00,情報収集・分析,791,行動データの可視化と戦略的分析レポートの生成,https://nanyo-line.github.io/prompt/791.html,no,no
http://www.city.nanyo.yamagata.jp/dxchosei/5793,2026-07-12T01:28:53.056856+00:00,情報収集・分析,54,特定分野のリサーチとレポートを作成してもらう,https://nanyo-city.jpn.org/download_prompt/download.php?download=54,no,no
http://www.city.nanyo.yamagata.jp/dxchosei/5793,2026-07-12T01:28:53.056856+00:00,情報収集・分析,55,テーマ別リサーチとその結果の要約とレポートを作成する,https://nanyo-city.jpn.org/download_prompt/download.php?download=55,no,no
http://www.city.nanyo.yamagata.jp/dxchosei/5793,2026-07-12T01:28:53.056856+00:00,情報収集・分析,189,プロジェクト関連の法務判例検索・要約,https://nanyo-city.jpn.org/download_prompt/download.php?download=189,no,no
http://www.city.nanyo.yamagata.jp/dxchosei/5793,2026-07-12T01:28:53.056856+00:00,情報収集・分析,534,どこまでも深掘り可能にするプロンプト,https://nanyo-city.jpn.org/download_prompt/download.php?download=534,no,no
http://www.city.nanyo.yamagata.jp/dxchosei/5793,2026-07-12T01:28:53.056856+00:00,情報収集・分析,573,情報信頼性検証・ファクトチェック支援プロンプト,https://nanyo-city.jpn.org/prompt/573b.html,yes,no
http://www.city.nanyo.yamagata.jp/dxchosei/5793,2026-07-12T01:28:53.056856+00:00,情報収集・分析,695,熟練サーチャーの思考を再現するスクリーニング,https://nanyo-line.github.io/prompt/695.html,no,no
http://www.city.nanyo.yamagata.jp/dxchosei/5793,2026-07-12T01:28:53.056856+00:00,情報収集・分析,789,真偽検証型・背景洞察リサーチ,https://nanyo-line.github.io/prompt/789.html,no,no
http://www.city.nanyo.yamagata.jp/dxchosei/5793,2026-07-12T01:28:53.056856+00:00,情報収集・分析,178,レポート作成の切り口提案,https://nanyo-city.jpn.org/download_prompt/download.php?download=178,no,no
http://www.city.nanyo.yamagata.jp/dxchosei/5793,2026-07-12T01:28:53.056856+00:00,情報収集・分析,179,レポートの構成を提案する,https://nanyo-city.jpn.org/download_prompt/download.php?download=179,no,no
http://www.city.nanyo.yamagata.jp/dxchosei/5793,2026-07-12T01:28:53.056856+00:00,情報収集・分析,180,レポート書き出しを提案する,https://nanyo-city.jpn.org/download_prompt/download.php?download=180,no,no
http://www.city.nanyo.yamagata.jp/dxchosei/5793,2026-07-12T01:28:53.056856+00:00,情報収集・分析,181,レポートのテーマとあらすじを基に、レポートの結論を提案する,https://nanyo-city.jpn.org/download_prompt/download.php?download=181,no,no
http://www.city.nanyo.yamagata.jp/dxchosei/5793,2026-07-12T01:28:53.056856+00:00,情報収集・分析,32,[政策名] に対する影響予測レポート,https://nanyo-city.jpn.org/download_prompt/download.php?download=32,no,no
http://www.city.nanyo.yamagata.jp/dxchosei/5793,2026-07-12T01:28:53.056856+00:00,情報収集・分析,134,ケーススタディ分析による事業戦略の向上,https://nanyo-city.jpn.org/download_prompt/download.php?download=134,no,no
http://www.city.nanyo.yamagata.jp/dxchosei/5793,2026-07-12T01:28:53.056856+00:00,情報収集・分析,491,過去のデータから将来を予測するプロンプト,https://nanyo-city.jpn.org/download_prompt/download.php?download=491,no,no
http://www.city.nanyo.yamagata.jp/dxchosei/5793,2026-07-12T01:28:53.056856+00:00,情報収集・分析,4,文章の議論を分析する,https://nanyo-city.jpn.org/download_prompt/download.php?download=4,no,no
http://www.city.nanyo.yamagata.jp/dxchosei/5793,2026-07-12T01:28:53.056856+00:00,情報収集・分析,6,文章を解析する,https://nanyo-city.jpn.org/download_prompt/download.php?download=6,no,no
http://www.city.nanyo.yamagata.jp/dxchosei/5793,2026-07-12T01:28:53.056856+00:00,情報収集・分析,124,文章構成要素抽出とフレームワーク分析,https://nanyo-city.jpn.org/download_prompt/download.php?download=124,no,no
http://www.city.nanyo.yamagata.jp/dxchosei/5793,2026-07-12T01:28:53.056856+00:00,情報収集・分析,153,読者のニーズを引き出し深い考察を促す,https://nanyo-city.jpn.org/download_prompt/download.php?download=153,no,no
http://www.city.nanyo.yamagata.jp/dxchosei/5793,2026-07-12T01:28:53.056856+00:00,情報収集・分析,379,レポート分析による顧客業務課題の特定,https://nanyo-city.jpn.org/download_prompt/download.php?download=379,no,no
http://www.city.nanyo.yamagata.jp/dxchosei/5793,2026-07-12T01:28:53.056856+00:00,情報収集・分析,401,６人の専門家によるテーマに基づく議論,https://nanyo-city.jpn.org/download_prompt/download.php?download=401,no,no
http://www.city.nanyo.yamagata.jp/dxchosei/5793,2026-07-12T01:28:53.056856+00:00,情報収集・分析,460,考察内容に対する効果的な手法生成プロンプト,https://nanyo-city.jpn.org/download_prompt/download.php?download=460,no,no
http://www.city.nanyo.yamagata.jp/dxchosei/5793,2026-07-12T01:28:53.056856+00:00,情報収集・分析,58,業務の論点・課題洗い出し,https://nanyo-city.jpn.org/download_prompt/download.php?download=58,no,no
http://www.city.nanyo.yamagata.jp/dxchosei/5793,2026-07-12T01:28:53.056856+00:00,情報収集・分析,201,形而上学を用いて課題を探求する,https://nanyo-city.jpn.org/download_prompt/download.php?download=201,no,no
http://www.city.nanyo.yamagata.jp/dxchosei/5793,2026-07-12T01:28:53.056856+00:00,情報収集・分析,356,AIによる自律的な視点切り替え型課題分析・解決策提案,https://nanyo-city.jpn.org/download_prompt/download.php?download=356,no,no
http://www.city.nanyo.yamagata.jp/dxchosei/5793,2026-07-12T01:28:53.056856+00:00,情報収集・分析,361,目標の抽象化と再構築による新たな視点発見,https://nanyo-city.jpn.org/download_prompt/download.php?download=361,no,no
http://www.city.nanyo.yamagata.jp/dxchosei/5793,2026-07-12T01:28:53.056856+00:00,情報収集・分析,365,気づきや違和感を通じた常識再評価と深堀りフレームワーク,https://nanyo-city.jpn.org/download_prompt/download.php?download=365,no,no
http://www.city.nanyo.yamagata.jp/dxchosei/5793,2026-07-12T01:28:53.056856+00:00,情報収集・分析,465,業務一覧からの定型業務抽出プロンプト,https://nanyo-city.jpn.org/download_prompt/download.php?download=465,no,no
http://www.city.nanyo.yamagata.jp/dxchosei/5793,2026-07-12T01:28:53.056856+00:00,情報収集・分析,703,極限探求・深層知性マッピング,https://nanyo-line.github.io/prompt/703.html,no,no
http://www.city.nanyo.yamagata.jp/dxchosei/5793,2026-07-12T01:28:53.056856+00:00,情報収集・分析,704,生成AIの能力極限までの深堀り,https://nanyo-line.github.io/prompt/704.html,no,no
http://www.city.nanyo.yamagata.jp/dxchosei/5793,2026-07-12T01:28:53.056856+00:00,情報収集・分析,739,忖度停止（辛口AI）評価,https://nanyo-line.github.io/prompt/739.html,no,no
http://www.city.nanyo.yamagata.jp/dxchosei/5793,2026-07-12T01:28:53.056856+00:00,情報収集・分析,8,対象者をプロファイルする,https://nanyo-city.jpn.org/download_prompt/download.php?download=8,no,no
http://www.city.nanyo.yamagata.jp/dxchosei/5793,2026-07-12T01:28:53.056856+00:00,情報収集・分析,132,職業別ターゲットペルソナの作成と市場分析,https://nanyo-city.jpn.org/download_prompt/download.php?download=132,no,no
http://www.city.nanyo.yamagata.jp/dxchosei/5793,2026-07-12T01:28:53.056856+00:00,情報収集・分析,192,認識レベル別に共感性の高いペルソナを作成する,https://nanyo-city.jpn.org/download_prompt/download.php?download=192,no,no
http://www.city.nanyo.yamagata.jp/dxchosei/5793,2026-07-12T01:28:53.056856+00:00,情報収集・分析,429,公共サービスにおけるDRM戦略の明確化,https://nanyo-city.jpn.org/download_prompt/download.php?download=429,no,no
http://www.city.nanyo.yamagata.jp/dxchosei/5793,2026-07-12T01:28:53.056856+00:00,情報収集・分析,498,アジャイルとロードマップの統合戦略,https://nanyo-city.jpn.org/download_prompt/download.php?download=498,no,no
http://www.city.nanyo.yamagata.jp/dxchosei/5793,2026-07-12T01:28:53.056856+00:00,情報収集・分析,559,テーマに対する仮説の設定,https://nanyo-city.jpn.org/download_prompt/download.php?download=559,no,no
http://www.city.nanyo.yamagata.jp/dxchosei/5793,2026-07-12T01:28:53.056856+00:00,情報収集・分析,693,成果を出し続ける生成AI活用戦略設計プロンプト,https://nanyo-line.github.io/prompt/693.html,no,no
http://www.city.nanyo.yamagata.jp/dxchosei/5793,2026-07-12T01:28:53.056856+00:00,情報収集・分析,731,仮説行動の進化ループプロンプト,https://nanyo-line.github.io/prompt/731.html,no,no
http://www.city.nanyo.yamagata.jp/dxchosei/5793,2026-07-12T01:28:53.056856+00:00,情報収集・分析,231,生成ＡＩを用いた業務効率化アイディアの実現可能性を検証,https://nanyo-city.jpn.org/download_prompt/download.php?download=231,no,no
http://www.city.nanyo.yamagata.jp/dxchosei/5793,2026-07-12T01:28:53.056856+00:00,情報収集・分析,333,業務改善アイデアをピッチ資料としてまとめる,https://nanyo-city.jpn.org/download_prompt/download.php?download=333,no,no
http://www.city.nanyo.yamagata.jp/dxchosei/5793,2026-07-12T01:28:53.056856+00:00,情報収集・分析,82,是正処置報告書（顛末書）を作成する,https://nanyo-city.jpn.org/download_prompt/download.php?download=82,no,no
http://www.city.nanyo.yamagata.jp/dxchosei/5793,2026-07-12T01:28:53.056856+00:00,情報収集・分析,215,インシデントレポート作成（再発防止策提案）,https://nanyo-city.jpn.org/download_prompt/download.php?download=215,no,no
http://www.city.nanyo.yamagata.jp/dxchosei/5793,2026-07-12T01:28:53.056856+00:00,情報収集・分析,754,構造的再発防止（仕組み化）プロンプト,https://nanyo-line.github.io/prompt/754.html,no,no
http://www.city.nanyo.yamagata.jp/dxchosei/5793,2026-07-12T01:28:53.056856+00:00,情報収集・分析,757,ミスの責任を真逆に思考するプロンプト,https://nanyo-line.github.io/prompt/757.html,no,no
http://www.city.nanyo.yamagata.jp/dxchosei/5793,2026-07-12T01:28:53.056856+00:00,情報収集・分析,91,職員研修終了時アンケート作成,https://nanyo-city.jpn.org/download_prompt/download.php?download=91,no,no
http://www.city.nanyo.yamagata.jp/dxchosei/5793,2026-07-12T01:28:53.056856+00:00,情報収集・分析,182,提出されたレポートを評価する,https://nanyo-city.jpn.org/download_prompt/download.php?download=182,no,no
http://www.city.nanyo.yamagata.jp/dxchosei/5793,2026-07-12T01:28:53.056856+00:00,情報収集・分析,225,研修終了後アンケート回答のMECE分類,https://nanyo-city.jpn.org/download_prompt/download.php?download=225,no,no
http://www.city.nanyo.yamagata.jp/dxchosei/5793,2026-07-12T01:28:53.056856+00:00,情報収集・分析,340,講座受講者向け成果最大化チェックリストの作成,https://nanyo-city.jpn.org/download_prompt/download.php?download=340,no,no
http://www.city.nanyo.yamagata.jp/dxchosei/5793,2026-07-12T01:28:53.056856+00:00,コミュニケーション支援,15,メールへの返信,https://nanyo-city.jpn.org/download_prompt/download.php?download=15,no,no
http://www.city.nanyo.yamagata.jp/dxchosei/5793,2026-07-12T01:28:53.056856+00:00,コミュニケーション支援,46,問い合わせなどのメールの自動作成・添削,https://nanyo-city.jpn.org/download_prompt/download.php?download=46,no,no
http://www.city.nanyo.yamagata.jp/dxchosei/5793,2026-07-12T01:28:53.056856+00:00,コミュニケーション支援,385,市民問い合わせ対応のための返信文案作成,https://nanyo-city.jpn.org/download_prompt/download.php?download=385,no,no
http://www.city.nanyo.yamagata.jp/dxchosei/5793,2026-07-12T01:28:53.056856+00:00,コミュニケーション支援,500,問い合わせ内容の傾向分析とサービス改善提案,https://nanyo-city.jpn.org/download_prompt/download.php?download=500,no,no
http://www.city.nanyo.yamagata.jp/dxchosei/5793,2026-07-12T01:28:53.056856+00:00,コミュニケーション支援,800,仕事の断り方プロンプト,https://nanyo-line.github.io/prompt/800.html,no,no
http://www.city.nanyo.yamagata.jp/dxchosei/5793,2026-07-12T01:28:53.056856+00:00,コミュニケーション支援,52,上司から部下へ注意・指導のメッセージを送る際に表現をチェックしてもらう,https://nanyo-city.jpn.org/download_prompt/download.php?download=52,no,no
http://www.city.nanyo.yamagata.jp/dxchosei/5793,2026-07-12T01:28:53.056856+00:00,コミュニケーション支援,60,立場に応じた説明や言い換えを行う,https://nanyo-city.jpn.org/download_prompt/download.php?download=60,no,no
http://www.city.nanyo.yamagata.jp/dxchosei/5793,2026-07-12T01:28:53.056856+00:00,コミュニケーション支援,100,多様な言い換え表現の提案とニュアンス解説を行う,https://nanyo-city.jpn.org/download_prompt/download.php?download=100,no,no
http://www.city.nanyo.yamagata.jp/dxchosei/5793,2026-07-12T01:28:53.056856+00:00,コミュニケーション支援,204,パラフレーズを使って文章を言い換える,https://nanyo-city.jpn.org/download_prompt/download.php?download=204,no,no
http://www.city.nanyo.yamagata.jp/dxchosei/5793,2026-07-12T01:28:53.056856+00:00,コミュニケーション支援,305,初顔合わせガイドマニュアルの作成,https://nanyo-city.jpn.org/download_prompt/download.php?download=305,no,no
http://www.city.nanyo.yamagata.jp/dxchosei/5793,2026-07-12T01:28:53.056856+00:00,コミュニケーション支援,633,信頼形成（ラポール形成）を促すコミュニケーション例文作成,https://nanyo-city.jpn.org/download_prompt/download.php?download=633,no,no
http://www.city.nanyo.yamagata.jp/dxchosei/5793,2026-07-12T01:28:53.056856+00:00,コミュニケーション支援,329,返答に困る質問に対するトークモデル作成,https://nanyo-city.jpn.org/download_prompt/download.php?download=329,no,no
http://www.city.nanyo.yamagata.jp/dxchosei/5793,2026-07-12T01:28:53.056856+00:00,コミュニケーション支援,338,BANTフレームワークに基づく交渉スクリプトの作成,https://nanyo-city.jpn.org/download_prompt/download.php?download=338,no,no
http://www.city.nanyo.yamagata.jp/dxchosei/5793,2026-07-12T01:28:53.056856+00:00,コミュニケーション支援,364,懐疑的なターゲットを行動へ導く5ステップ信念変革フレームワーク,https://nanyo-city.jpn.org/download_prompt/download.php?download=364,no,no
http://www.city.nanyo.yamagata.jp/dxchosei/5793,2026-07-12T01:28:53.056856+00:00,コミュニケーション支援,646,Stephen Coveyの7つの習慣に基づく戦略的認知変革プロンプト,https://nanyo-city.jpn.org/download_prompt/download.php?download=646,no,no
http://www.city.nanyo.yamagata.jp/dxchosei/5793,2026-07-12T01:28:53.056856+00:00,コミュニケーション支援,355,1on1セッションの効果的活用提案,https://nanyo-city.jpn.org/download_prompt/download.php?download=355,no,no
http://www.city.nanyo.yamagata.jp/dxchosei/5793,2026-07-12T01:28:53.056856+00:00,コミュニケーション支援,405,オンラインコミュニティ活性化施策のアイデア提案,https://nanyo-city.jpn.org/download_prompt/download.php?download=405,no,no
http://www.city.nanyo.yamagata.jp/dxchosei/5793,2026-07-12T01:28:53.056856+00:00,コミュニケーション支援,562,アクティブラーニングを促進するグループワーク課題の作成,https://nanyo-city.jpn.org/download_prompt/download.php?download=562,no,no
http://www.city.nanyo.yamagata.jp/dxchosei/5793,2026-07-12T01:28:53.056856+00:00,コミュニケーション支援,632,変革のための効果的なコミュニケーションプラン作成,https://nanyo-city.jpn.org/download_prompt/download.php?download=632,no,no
http://www.city.nanyo.yamagata.jp/dxchosei/5793,2026-07-12T01:28:53.056856+00:00,コミュニケーション支援,608,セミナー名キャッチコピー案生成プロンプト,https://nanyo-city.jpn.org/download_prompt/download.php?download=608,no,no
http://www.city.nanyo.yamagata.jp/dxchosei/5793,2026-07-12T01:28:53.056856+00:00,コミュニケーション支援,609,セミナータイトルアイデア生成プロンプト,https://nanyo-city.jpn.org/download_prompt/download.php?download=609,no,no
http://www.city.nanyo.yamagata.jp/dxchosei/5793,2026-07-12T01:28:53.056856+00:00,コミュニケーション支援,625,セミナー企画案のためのアイデア生成プロンプト,https://nanyo-city.jpn.org/download_prompt/download.php?download=625,no,no
http://www.city.nanyo.yamagata.jp/dxchosei/5793,2026-07-12T01:28:53.056856+00:00,コミュニケーション支援,627,競合セミナーLPの戦略的分析レポート作成プロンプト,https://nanyo-city.jpn.org/download_prompt/download.php?download=627,no,no
http://www.city.nanyo.yamagata.jp/dxchosei/5793,2026-07-12T01:28:53.056856+00:00,コミュニケーション支援,615,SNSプラットフォーム向けセミナー告知投稿文作成,https://nanyo-city.jpn.org/download_prompt/download.php?download=615,no,no
http://www.city.nanyo.yamagata.jp/dxchosei/5793,2026-07-12T01:28:53.056856+00:00,コミュニケーション支援,616,セミナー集客のための高反応メールマガジン作成,https://nanyo-city.jpn.org/download_prompt/download.php?download=616,no,no
http://www.city.nanyo.yamagata.jp/dxchosei/5793,2026-07-12T01:28:53.056856+00:00,コミュニケーション支援,618,セミナー参加者向け効果的なリマインドメール作成,https://nanyo-city.jpn.org/download_prompt/download.php?download=618,no,no
http://www.city.nanyo.yamagata.jp/dxchosei/5793,2026-07-12T01:28:53.056856+00:00,コミュニケーション支援,629,セミナー紹介用ショート動画台本作成プロンプト,https://nanyo-city.jpn.org/download_prompt/download.php?download=629,no,no
http://www.city.nanyo.yamagata.jp/dxchosei/5793,2026-07-12T01:28:53.056856+00:00,コミュニケーション支援,610,プレゼンスライド用テキスト原稿生成プロンプト,https://nanyo-city.jpn.org/download_prompt/download.php?download=610,no,no
http://www.city.nanyo.yamagata.jp/dxchosei/5793,2026-07-12T01:28:53.056856+00:00,コミュニケーション支援,611,セミナーオープニングトーク台本作成プロンプト,https://nanyo-city.jpn.org/download_prompt/download.php?download=611,no,no
http://www.city.nanyo.yamagata.jp/dxchosei/5793,2026-07-12T01:28:53.056856+00:00,コミュニケーション支援,612,セミナー本編トークスクリプト生成,https://nanyo-city.jpn.org/download_prompt/download.php?download=612,no,no
http://www.city.nanyo.yamagata.jp/dxchosei/5793,2026-07-12T01:28:53.056856+00:00,コミュニケーション支援,613,セミナー成功のためのクロージング台本作成プロンプト,https://nanyo-city.jpn.org/download_prompt/download.php?download=613,no,no
http://www.city.nanyo.yamagata.jp/dxchosei/5793,2026-07-12T01:28:53.056856+00:00,コミュニケーション支援,628,セミナー用専門用語解説集作成プロンプト,https://nanyo-city.jpn.org/download_prompt/download.php?download=628,no,no
http://www.city.nanyo.yamagata.jp/dxchosei/5793,2026-07-12T01:28:53.056856+00:00,コミュニケーション支援,614,セミナー資料要約・実践化ガイド,https://nanyo-city.jpn.org/download_prompt/download.php?download=614,no,no
http://www.city.nanyo.yamagata.jp/dxchosei/5793,2026-07-12T01:28:53.056856+00:00,コミュニケーション支援,619,セミナー後アンケート項目提案,https://nanyo-city.jpn.org/download_prompt/download.php?download=619,no,no
http://www.city.nanyo.yamagata.jp/dxchosei/5793,2026-07-12T01:28:53.056856+00:00,コミュニケーション支援,620,セミナー参加者アンケート自由記述分析レポート作成,https://nanyo-city.jpn.org/download_prompt/download.php?download=620,no,no
http://www.city.nanyo.yamagata.jp/dxchosei/5793,2026-07-12T01:28:53.056856+00:00,コミュニケーション支援,621,質疑応答セッション議事録作成プロンプト,https://nanyo-city.jpn.org/download_prompt/download.php?download=621,no,no
http://www.city.nanyo.yamagata.jp/dxchosei/5793,2026-07-12T01:28:53.056856+00:00,コミュニケーション支援,623,セミナー文字起こしテキストの要約・清書プロンプト,https://nanyo-city.jpn.org/download_prompt/download.php?download=623,no,no
http://www.city.nanyo.yamagata.jp/dxchosei/5793,2026-07-12T01:28:53.056856+00:00,コミュニケーション支援,53,メンバー間のメッセージ（フィードバック）の表現を考えてもらう,https://nanyo-city.jpn.org/download_prompt/download.php?download=53,no,no
http://www.city.nanyo.yamagata.jp/dxchosei/5793,2026-07-12T01:28:53.056856+00:00,コミュニケーション支援,489,スタッフ向けフィードバック作成支援プロンプト,https://nanyo-city.jpn.org/download_prompt/download.php?download=489,no,no
http://www.city.nanyo.yamagata.jp/dxchosei/5793,2026-07-12T01:28:53.056856+00:00,コミュニケーション支援,494,上長に報告するメッセージを変換するプロンプト,https://nanyo-city.jpn.org/download_prompt/download.php?download=494,no,no
http://www.city.nanyo.yamagata.jp/dxchosei/5793,2026-07-12T01:28:53.056856+00:00,コミュニケーション支援,598,対話からの「知の共有」と「再利用可能な知識」抽出プロンプト,https://nanyo-city.jpn.org/download_prompt/download.php?download=598,no,no
http://www.city.nanyo.yamagata.jp/dxchosei/5793,2026-07-12T01:28:53.056856+00:00,コミュニケーション支援,652,ユーザーフィードバック根本原因分析と実行計画策定支援,https://nanyo-city.jpn.org/download_prompt/download.php?download=652,no,no
http://www.city.nanyo.yamagata.jp/dxchosei/5793,2026-07-12T01:28:53.056856+00:00,コミュニケーション支援,696,ダメ出し（忖度させない）プロンプト,https://nanyo-line.github.io/prompt/696.html,no,no
http://www.city.nanyo.yamagata.jp/dxchosei/5793,2026-07-12T01:28:53.056856+00:00,コミュニケーション支援,706,超批判的思考をさせるためのプロンプト,https://nanyo-line.github.io/prompt/706.html,no,no
http://www.city.nanyo.yamagata.jp/dxchosei/5793,2026-07-12T01:28:53.056856+00:00,コミュニケーション支援,784,他人が作成した資料を使った上司への説明スクリプト,https://nanyo-line.github.io/prompt/784.html,no,no
http://www.city.nanyo.yamagata.jp/dxchosei/5793,2026-07-12T01:28:53.056856+00:00,コミュニケーション支援,24,クレームに対応する,https://nanyo-city.jpn.org/download_prompt/download.php?download=24,no,no
http://www.city.nanyo.yamagata.jp/dxchosei/5793,2026-07-12T01:28:53.056856+00:00,コミュニケーション支援,164,クレーム対応ヒアリングシナリオ作成,https://nanyo-city.jpn.org/download_prompt/download.php?download=164,no,no
http://www.city.nanyo.yamagata.jp/dxchosei/5793,2026-07-12T01:28:53.056856+00:00,コミュニケーション支援,265,クレーム対応記録作成による顧客満足度向上,https://nanyo-city.jpn.org/download_prompt/download.php?download=265,no,no
http://www.city.nanyo.yamagata.jp/dxchosei/5793,2026-07-12T01:28:53.056856+00:00,コミュニケーション支援,332,クレーム対応報告書作成と組織内共有,https://nanyo-city.jpn.org/download_prompt/download.php?download=332,no,no
http://www.city.nanyo.yamagata.jp/dxchosei/5793,2026-07-12T01:28:53.056856+00:00,コミュニケーション支援,369,クレーム情報を分析し、傾向把握・改善提案をする,https://nanyo-city.jpn.org/download_prompt/download.php?download=369,no,no
http://www.city.nanyo.yamagata.jp/dxchosei/5793,2026-07-12T01:28:53.056856+00:00,コミュニケーション支援,435,クレーム対応用の謝罪文・改善説明文,https://nanyo-city.jpn.org/download_prompt/download.php?download=435,no,no
http://www.city.nanyo.yamagata.jp/dxchosei/5793,2026-07-12T01:28:53.056856+00:00,コミュニケーション支援,13,フレーズを言い換える,https://nanyo-city.jpn.org/download_prompt/download.php?download=13,no,no
http://www.city.nanyo.yamagata.jp/dxchosei/5793,2026-07-12T01:28:53.056856+00:00,コミュニケーション支援,27,【簡単】フレーズを言い換える,https://nanyo-city.jpn.org/download_prompt/download.php?download=27,no,no
http://www.city.nanyo.yamagata.jp/dxchosei/5793,2026-07-12T01:28:53.056856+00:00,コミュニケーション支援,106,誰でも簡単に作れる褒め言葉,https://nanyo-city.jpn.org/download_prompt/download.php?download=106,no,no
http://www.city.nanyo.yamagata.jp/dxchosei/5793,2026-07-12T01:28:53.056856+00:00,コミュニケーション支援,163,ビジネス用語の理解とコミュニケーション例,https://nanyo-city.jpn.org/download_prompt/download.php?download=163,no,no
http://www.city.nanyo.yamagata.jp/dxchosei/5793,2026-07-12T01:28:53.056856+00:00,コミュニケーション支援,165,聴衆を奮い立たせるビジョンペップトークの作成,https://nanyo-city.jpn.org/download_prompt/download.php?download=165,no,no
http://www.city.nanyo.yamagata.jp/dxchosei/5793,2026-07-12T01:28:53.056856+00:00,コミュニケーション支援,295,「なぜ？」の質問文を4W1Hの形式に変える,https://nanyo-city.jpn.org/download_prompt/download.php?download=295,no,no
http://www.city.nanyo.yamagata.jp/dxchosei/5793,2026-07-12T01:28:53.056856+00:00,コミュニケーション支援,372,論点すり替え戦略提案,https://nanyo-city.jpn.org/download_prompt/download.php?download=372,no,no
http://www.city.nanyo.yamagata.jp/dxchosei/5793,2026-07-12T01:28:53.056856+00:00,コミュニケーション支援,442,納得と行動を促す市民コミュニケーション5ステップ,https://nanyo-city.jpn.org/download_prompt/download.php?download=442,no,no
http://www.city.nanyo.yamagata.jp/dxchosei/5793,2026-07-12T01:28:53.056856+00:00,コミュニケーション支援,107,職場関係改善のための声掛けコーチング【管理職用】,https://nanyo-city.jpn.org/download_prompt/download.php?download=107,no,no
http://www.city.nanyo.yamagata.jp/dxchosei/5793,2026-07-12T01:28:53.056856+00:00,コミュニケーション支援,209,気づきを促すコーチング,https://nanyo-city.jpn.org/download_prompt/download.php?download=209,no,no
http://www.city.nanyo.yamagata.jp/dxchosei/5793,2026-07-12T01:28:53.056856+00:00,コミュニケーション支援,214,クライアントの目標発見をサポートするコーチング手法,https://nanyo-city.jpn.org/download_prompt/download.php?download=214,no,no
http://www.city.nanyo.yamagata.jp/dxchosei/5793,2026-07-12T01:28:53.056856+00:00,コミュニケーション支援,283,失敗を恐れているスタッフを成功に導く,https://nanyo-city.jpn.org/download_prompt/download.php?download=283,no,no
http://www.city.nanyo.yamagata.jp/dxchosei/5793,2026-07-12T01:28:53.056856+00:00,コミュニケーション支援,293,複雑なタスクを段階的に進める際のアドバイス,https://nanyo-city.jpn.org/download_prompt/download.php?download=293,no,no
http://www.city.nanyo.yamagata.jp/dxchosei/5793,2026-07-12T01:28:53.056856+00:00,コミュニケーション支援,389,やる気を引き出す！内発・外発モチベーション支援プロンプト,https://nanyo-city.jpn.org/download_prompt/download.php?download=389,no,no
http://www.city.nanyo.yamagata.jp/dxchosei/5793,2026-07-12T01:28:53.056856+00:00,コミュニケーション支援,423,前向きなアドバイスでの励まし法,https://nanyo-city.jpn.org/download_prompt/download.php?download=423,no,no
http://www.city.nanyo.yamagata.jp/dxchosei/5793,2026-07-12T01:28:53.056856+00:00,コミュニケーション支援,459,日報から自己肯定感を高めるためのアドバスをもらう,https://nanyo-city.jpn.org/download_prompt/download.php?download=459,no,no
http://www.city.nanyo.yamagata.jp/dxchosei/5793,2026-07-12T01:28:53.056856+00:00,コミュニケーション支援,464,潜在意識の変化を促し、ポジティブな気づきを得る,https://nanyo-city.jpn.org/download_prompt/download.php?download=464,no,no
http://www.city.nanyo.yamagata.jp/dxchosei/5793,2026-07-12T01:28:53.056856+00:00,コミュニケーション支援,520,ファシリテーターの自己認識とパフォーマンス向上支援,https://nanyo-city.jpn.org/download_prompt/download.php?download=520,no,no
http://www.city.nanyo.yamagata.jp/dxchosei/5793,2026-07-12T01:28:53.056856+00:00,コミュニケーション支援,597,対話記録からの「真理」抽出と教育コンテンツ体系化プロンプト,https://nanyo-city.jpn.org/download_prompt/download.php?download=597,no,no
http://www.city.nanyo.yamagata.jp/dxchosei/5793,2026-07-12T01:28:53.056856+00:00,コミュニケーション支援,756,抽象タスク分解・具体化エージェント,https://nanyo-line.github.io/prompt/756.html,no,no
http://www.city.nanyo.yamagata.jp/dxchosei/5793,2026-07-12T01:28:53.056856+00:00,コミュニケーション支援,10,専門知識をわかりやすく説明する,https://nanyo-city.jpn.org/download_prompt/download.php?download=10,no,no
http://www.city.nanyo.yamagata.jp/dxchosei/5793,2026-07-12T01:28:53.056856+00:00,コミュニケーション支援,63,イベント招待状を作成する,https://nanyo-city.jpn.org/download_prompt/download.php?download=63,no,no
http://www.city.nanyo.yamagata.jp/dxchosei/5793,2026-07-12T01:28:53.056856+00:00,コミュニケーション支援,81,セミナー後の受講者からの質問に対するフォローアップ,https://nanyo-city.jpn.org/download_prompt/download.php?download=81,no,no
http://www.city.nanyo.yamagata.jp/dxchosei/5793,2026-07-12T01:28:53.056856+00:00,コミュニケーション支援,83,上司からのアドバイスを言葉に刻むアファメーション作成,https://nanyo-city.jpn.org/download_prompt/download.php?download=83,no,no
http://www.city.nanyo.yamagata.jp/dxchosei/5793,2026-07-12T01:28:53.056856+00:00,コミュニケーション支援,126,本番前の声掛けペップトーク生成,https://nanyo-city.jpn.org/download_prompt/download.php?download=126,no,no
http://www.city.nanyo.yamagata.jp/dxchosei/5793,2026-07-12T01:28:53.056856+00:00,コミュニケーション支援,135,未経験の担当者が安心して電話対応できる環境を作る,https://nanyo-city.jpn.org/download_prompt/download.php?download=135,no,no
http://www.city.nanyo.yamagata.jp/dxchosei/5793,2026-07-12T01:28:53.056856+00:00,コミュニケーション支援,145,チームメンバーの士気向上のための励ましメッセージを作る,https://nanyo-city.jpn.org/download_prompt/download.php?download=145,no,no
http://www.city.nanyo.yamagata.jp/dxchosei/5793,2026-07-12T01:28:53.056856+00:00,コミュニケーション支援,237,BTRNUTSS法則に基づいたコンテンツタイトル案作成,https://nanyo-city.jpn.org/download_prompt/download.php?download=237,no,no
http://www.city.nanyo.yamagata.jp/dxchosei/5793,2026-07-12T01:28:53.056856+00:00,コミュニケーション支援,306,候補者特定型スカウトメール作成,https://nanyo-city.jpn.org/download_prompt/download.php?download=306,no,no
http://www.city.nanyo.yamagata.jp/dxchosei/5793,2026-07-12T01:28:53.056856+00:00,コミュニケーション支援,342,WEB記事を基にしたテーマ別アドバイス作成,https://nanyo-city.jpn.org/download_prompt/download.php?download=342,no,no
http://www.city.nanyo.yamagata.jp/dxchosei/5793,2026-07-12T01:28:53.056856+00:00,コミュニケーション支援,421,公共政策・条例改正説明文書作成支援,https://nanyo-city.jpn.org/download_prompt/download.php?download=421,no,no
http://www.city.nanyo.yamagata.jp/dxchosei/5793,2026-07-12T01:28:53.056856+00:00,プログラミング,14,プロンプトの前提条件を作成する,https://nanyo-city.jpn.org/download_prompt/download.php?download=14,no,no
http://www.city.nanyo.yamagata.jp/dxchosei/5793,2026-07-12T01:28:53.056856+00:00,プログラミング,151,プロンプト制作における前提条件生成ガイド,https://nanyo-city.jpn.org/download_prompt/download.php?download=151,no,no
http://www.city.nanyo.yamagata.jp/dxchosei/5793,2026-07-12T01:28:53.056856+00:00,プログラミング,199,プロンプト制作における実行命令文を作成する,https://nanyo-city.jpn.org/download_prompt/download.php?download=199,no,no
http://www.city.nanyo.yamagata.jp/dxchosei/5793,2026-07-12T01:28:53.056856+00:00,プログラミング,290,効率的なタスク実行に必要な変数の特定と提案,https://nanyo-city.jpn.org/download_prompt/download.php?download=290,no,no
http://www.city.nanyo.yamagata.jp/dxchosei/5793,2026-07-12T01:28:53.056856+00:00,プログラミング,12,プロンプトの語彙を見つける,https://nanyo-city.jpn.org/download_prompt/download.php?download=12,no,no
http://www.city.nanyo.yamagata.jp/dxchosei/5793,2026-07-12T01:28:53.056856+00:00,プログラミング,148,プロンプト制作におけるスタイルとトーンの選定ガイド,https://nanyo-city.jpn.org/download_prompt/download.php?download=148,no,no
http://www.city.nanyo.yamagata.jp/dxchosei/5793,2026-07-12T01:28:53.056856+00:00,プログラミング,269,プロンプトの精度を向上させるための言語要素を選定する,https://nanyo-city.jpn.org/download_prompt/download.php?download=269,no,no
http://www.city.nanyo.yamagata.jp/dxchosei/5793,2026-07-12T01:28:53.056856+00:00,プログラミング,337,生成AI指示文の効果的改善と代替語提案,https://nanyo-city.jpn.org/download_prompt/download.php?download=337,no,no
http://www.city.nanyo.yamagata.jp/dxchosei/5793,2026-07-12T01:28:53.056856+00:00,プログラミング,289,プロンプト作成における出力形式選定ガイド,https://nanyo-city.jpn.org/download_prompt/download.php?download=289,no,no
http://www.city.nanyo.yamagata.jp/dxchosei/5793,2026-07-12T01:28:53.056856+00:00,プログラミング,336,【簡易】出力形式を提案するプロンプト,https://nanyo-city.jpn.org/download_prompt/download.php?download=336,no,no
http://www.city.nanyo.yamagata.jp/dxchosei/5793,2026-07-12T01:28:53.056856+00:00,プログラミング,563,出力フォーマット自動生成プロンプト,https://nanyo-city.jpn.org/download_prompt/download.php?download=563,no,no
http://www.city.nanyo.yamagata.jp/dxchosei/5793,2026-07-12T01:28:53.056856+00:00,プログラミング,218,生成AIの回答精度向上のための追加指示,https://nanyo-city.jpn.org/download_prompt/download.php?download=218,no,no
http://www.city.nanyo.yamagata.jp/dxchosei/5793,2026-07-12T01:28:53.056856+00:00,プログラミング,310,プロンプトを修正・改良する,https://nanyo-city.jpn.org/download_prompt/download.php?download=310,no,no
http://www.city.nanyo.yamagata.jp/dxchosei/5793,2026-07-12T01:28:53.056856+00:00,プログラミング,535,段階的プロンプト改善プロセス支援,https://nanyo-city.jpn.org/download_prompt/download.php?download=535,no,no
http://www.city.nanyo.yamagata.jp/dxchosei/5793,2026-07-12T01:28:53.056856+00:00,プログラミング,191,LLMの精度を高めるエモーショナルワードの作成,https://nanyo-city.jpn.org/download_prompt/download.php?download=191,no,no
http://www.city.nanyo.yamagata.jp/dxchosei/5793,2026-07-12T01:28:53.056856+00:00,プログラミング,510,”7つの思考レベル”を活用した対話型生成AI活用ガイド,https://nanyo-city.jpn.org/download_prompt/download.php?download=510,no,no
http://www.city.nanyo.yamagata.jp/dxchosei/5793,2026-07-12T01:28:53.056856+00:00,プログラミング,673,LLM推論精度改善のための行動なフレームワーク設計,https://nanyo-line.github.io/prompt/673.html,no,no
http://www.city.nanyo.yamagata.jp/dxchosei/5793,2026-07-12T01:28:53.056856+00:00,プログラミング,740,AI役割選定アドバイザー,https://nanyo-line.github.io/prompt/740.html,no,no
http://www.city.nanyo.yamagata.jp/dxchosei/5793,2026-07-12T01:28:53.056856+00:00,プログラミング,755,自律型スキル構築・段階的実行エンジン,https://nanyo-line.github.io/prompt/755.html,no,no
http://www.city.nanyo.yamagata.jp/dxchosei/5793,2026-07-12T01:28:53.056856+00:00,プログラミング,445,出力形式を固定するテンプレート作成(プレースホルダー形式指定),https://nanyo-city.jpn.org/download_prompt/download.php?download=445,no,no
http://www.city.nanyo.yamagata.jp/dxchosei/5793,2026-07-12T01:28:53.056856+00:00,プログラミング,523,生成AIへの入力言語化トレーニング,https://nanyo-city.jpn.org/download_prompt/download.php?download=523,no,no
http://www.city.nanyo.yamagata.jp/dxchosei/5793,2026-07-12T01:28:53.056856+00:00,プログラミング,602,AIチャットボット用カスタム指示変換プロンプト,https://nanyo-city.jpn.org/download_prompt/download.php?download=602,no,no
http://www.city.nanyo.yamagata.jp/dxchosei/5793,2026-07-12T01:28:53.056856+00:00,プログラミング,764,行政用RAG構築プロンプト,https://nanyo-line.github.io/prompt/764.html,no,no
http://www.city.nanyo.yamagata.jp/dxchosei/5793,2026-07-12T01:28:53.056856+00:00,プログラミング,771,RAG精度最大化のための「多次元データ構造化エージェント」,https://nanyo-line.github.io/prompt/771.html,no,no
http://www.city.nanyo.yamagata.jp/dxchosei/5793,2026-07-12T01:28:53.056856+00:00,プログラミング,798,高精度自己検証型RAGエージェント,https://nanyo-line.github.io/prompt/798.html,no,no
http://www.city.nanyo.yamagata.jp/dxchosei/5793,2026-07-12T01:28:53.056856+00:00,プログラミング,820,RAG:極限までトークンを削減する,https://nanyo-line.github.io/prompt/820.html,no,no
http://www.city.nanyo.yamagata.jp/dxchosei/5793,2026-07-12T01:28:53.056856+00:00,プログラミング,288,プロンプトのカテゴリー分類,https://nanyo-city.jpn.org/download_prompt/download.php?download=288,no,no
http://www.city.nanyo.yamagata.jp/dxchosei/5793,2026-07-12T01:28:53.056856+00:00,プログラミング,334,業界別・用途別プロンプト事例の体系化,https://nanyo-city.jpn.org/download_prompt/download.php?download=334,no,no
http://www.city.nanyo.yamagata.jp/dxchosei/5793,2026-07-12T01:28:53.056856+00:00,プログラミング,351,生成AI用の指示文作成ガイドライン,https://nanyo-city.jpn.org/download_prompt/download.php?download=351,no,no
http://www.city.nanyo.yamagata.jp/dxchosei/5793,2026-07-12T01:28:53.056856+00:00,プログラミング,667,社内向け標準プロンプト設計ガイドライン策定,https://nanyo-line.github.io/prompt/667.html,no,no
http://www.city.nanyo.yamagata.jp/dxchosei/5793,2026-07-12T01:28:53.056856+00:00,プログラミング,761,AIに何をさせないか防御的設計,https://nanyo-line.github.io/prompt/761.html,no,no
http://www.city.nanyo.yamagata.jp/dxchosei/5793,2026-07-12T01:28:53.056856+00:00,プログラミング,783,新プロンプト境界線設計スタイル,https://nanyo-line.github.io/prompt/783.html,no,no
http://www.city.nanyo.yamagata.jp/dxchosei/5793,2026-07-12T01:28:53.056856+00:00,プログラミング,785,MANUS最適化ライブラリ構築プロンプト,https://nanyo-line.github.io/prompt/785.html,no,no
http://www.city.nanyo.yamagata.jp/dxchosei/5793,2026-07-12T01:28:53.056856+00:00,プログラミング,253,生成AIからの生成物の品質問題に関する説明,https://nanyo-city.jpn.org/download_prompt/download.php?download=253,no,no
http://www.city.nanyo.yamagata.jp/dxchosei/5793,2026-07-12T01:28:53.056856+00:00,プログラミング,669,TOC（制約理論）に基づく生成AI活用ボトルネック解消会議アジェンダ設計,https://nanyo-line.github.io/prompt/669.html,no,no
http://www.city.nanyo.yamagata.jp/dxchosei/5793,2026-07-12T01:28:53.056856+00:00,プログラミング,275,AI回答評価のための総合プロンプト,https://nanyo-city.jpn.org/download_prompt/download.php?download=275,no,no
http://www.city.nanyo.yamagata.jp/dxchosei/5793,2026-07-12T01:28:53.056856+00:00,プログラミング,304,複数AI回答を統合する,https://nanyo-city.jpn.org/download_prompt/download.php?download=304,no,no
http://www.city.nanyo.yamagata.jp/dxchosei/5793,2026-07-12T01:28:53.056856+00:00,プログラミング,343,AIが作成した記事に対するハルシネーションの確認,https://nanyo-city.jpn.org/download_prompt/download.php?download=343,no,no
http://www.city.nanyo.yamagata.jp/dxchosei/5793,2026-07-12T01:28:53.056856+00:00,プログラミング,391,生成AI推論力最大化プロンプト,https://nanyo-city.jpn.org/download_prompt/download.php?download=391,no,no
http://www.city.nanyo.yamagata.jp/dxchosei/5793,2026-07-12T01:28:53.056856+00:00,プログラミング,529,自己修正によるAIの回答品質を引き上げるアプローチ（汎用）,https://nanyo-city.jpn.org/download_prompt/download.php?download=529,no,no
http://www.city.nanyo.yamagata.jp/dxchosei/5793,2026-07-12T01:28:53.056856+00:00,プログラミング,574,AI生成テキスト判定（簡易AIチェッカー）,https://nanyo-city.jpn.org/download_prompt/download.php?download=574,no,no
http://www.city.nanyo.yamagata.jp/dxchosei/5793,2026-07-12T01:28:53.056856+00:00,プログラミング,672,LLMの構造的欠陥を打破する：低確率領域探索と非凡なアイデア創出プロンプト,https://nanyo-line.github.io/prompt/672.html,no,no
http://www.city.nanyo.yamagata.jp/dxchosei/5793,2026-07-12T01:28:53.056856+00:00,プログラミング,730,理想の自分脳を構築するためのプロンプト,https://nanyo-line.github.io/prompt/730.html,no,no
http://www.city.nanyo.yamagata.jp/dxchosei/5793,2026-07-12T01:28:53.056856+00:00,プログラミング,774,ソースグラウンディング（根拠に基づいた回答生成）,https://nanyo-line.github.io/prompt/774.html,no,no
http://www.city.nanyo.yamagata.jp/dxchosei/5793,2026-07-12T01:28:53.056856+00:00,プログラミング,805,ユーザーの決断と前進を支援する,https://nanyo-line.github.io/prompt/805.html,no,no
http://www.city.nanyo.yamagata.jp/dxchosei/5793,2026-07-12T01:28:53.056856+00:00,プログラミング,276,キーワードにより検索AIを選定,https://nanyo-city.jpn.org/download_prompt/download.php?download=276,no,no
http://www.city.nanyo.yamagata.jp/dxchosei/5793,2026-07-12T01:28:53.056856+00:00,プログラミング,277,どんな質問にも答えてくれる,https://nanyo-city.jpn.org/download_prompt/download.php?download=277,no,no
http://www.city.nanyo.yamagata.jp/dxchosei/5793,2026-07-12T01:28:53.056856+00:00,プログラミング,279,「正解のない課題」に対しAIを使って思考を可視化,https://nanyo-city.jpn.org/download_prompt/download.php?download=279,no,no
http://www.city.nanyo.yamagata.jp/dxchosei/5793,2026-07-12T01:28:53.056856+00:00,プログラミング,285,LLMの推論モデル（短期・長期）を選択する,https://nanyo-city.jpn.org/download_prompt/download.php?download=285,no,no
http://www.city.nanyo.yamagata.jp/dxchosei/5793,2026-07-12T01:28:53.056856+00:00,プログラミング,544,検索キーワードからターゲット特化型アイキャッチ画像の制作方法,https://nanyo-city.jpn.org/download_prompt/download.php?download=544,no,no
http://www.city.nanyo.yamagata.jp/dxchosei/5793,2026-07-12T01:28:53.056856+00:00,プログラミング,545,ディープリサーチ用プロンプト,https://nanyo-city.jpn.org/download_prompt/download.php?download=545,no,no
http://www.city.nanyo.yamagata.jp/dxchosei/5793,2026-07-12T01:28:53.056856+00:00,プログラミング,662,【霞が関スタイル】深掘り型ワンペーパーポンチ絵作成,https://nanyo-line.github.io/prompt/662.html,no,no
http://www.city.nanyo.yamagata.jp/dxchosei/5793,2026-07-12T01:28:53.056856+00:00,プログラミング,663,画像解析＆SVGデザイン再構築プロンプト（GeminiCanvas使用）,https://nanyo-line.github.io/prompt/663.html,no,no
http://www.city.nanyo.yamagata.jp/dxchosei/5793,2026-07-12T01:28:53.056856+00:00,プログラミング,738,画像生成エージェント,https://nanyo-line.github.io/prompt/738.html,no,no
http://www.city.nanyo.yamagata.jp/dxchosei/5793,2026-07-12T01:28:53.056856+00:00,プログラミング,788,「正解のない問い」に、AIが冷徹な審判を下す,https://nanyo-line.github.io/prompt/788.html,no,no
http://www.city.nanyo.yamagata.jp/dxchosei/5793,2026-07-12T01:28:53.056856+00:00,プログラミング,294,対象者向けに生成AIの基本を解説する,https://nanyo-city.jpn.org/download_prompt/download.php?download=294,no,no
http://www.city.nanyo.yamagata.jp/dxchosei/5793,2026-07-12T01:28:53.056856+00:00,プログラミング,301,最新生成AIツールの解説,https://nanyo-city.jpn.org/download_prompt/download.php?download=301,no,no
http://www.city.nanyo.yamagata.jp/dxchosei/5793,2026-07-12T01:28:53.056856+00:00,プログラミング,660,「やりたい」を喚起する生成AI導入促進コンテンツ,https://nanyo-line.github.io/prompt/660.html,no,no
http://www.city.nanyo.yamagata.jp/dxchosei/5793,2026-07-12T01:28:53.056856+00:00,プログラミング,670,新入社員向け生成AIオンボーディングプログラム設計プロンプト,https://nanyo-line.github.io/prompt/670.html,no,no
http://www.city.nanyo.yamagata.jp/dxchosei/5793,2026-07-12T01:28:53.056856+00:00,プログラミング,651,生成AI活用成功事例の構造化・ナレッジ化支援,https://nanyo-city.jpn.org/download_prompt/download.php?download=651,no,no
http://www.city.nanyo.yamagata.jp/dxchosei/5793,2026-07-12T01:28:53.056856+00:00,プログラミング,657,セキュリティポリシー準拠のための生成AI安全利用原則策定,https://nanyo-line.github.io/prompt/657.html,no,no
http://www.city.nanyo.yamagata.jp/dxchosei/5793,2026-07-12T01:28:53.056856+00:00,プログラミング,658,AI倫理チェックリスト作成ガイドライン,https://nanyo-line.github.io/prompt/658.html,no,no
http://www.city.nanyo.yamagata.jp/dxchosei/5793,2026-07-12T01:28:53.056856+00:00,プログラミング,668,生成AI導入の戦略的エグゼクティブメッセージ作成,https://nanyo-line.github.io/prompt/668.html,no,no
http://www.city.nanyo.yamagata.jp/dxchosei/5793,2026-07-12T01:28:53.056856+00:00,プログラミング,728,組織自立型AIガバナンス策定,https://nanyo-line.github.io/prompt/728.html,no,no
http://www.city.nanyo.yamagata.jp/dxchosei/5793,2026-07-12T01:28:53.056856+00:00,プログラミング,49,Excel数式解説のアシスタント,https://nanyo-city.jpn.org/download_prompt/download.php?download=49,no,no
http://www.city.nanyo.yamagata.jp/dxchosei/5793,2026-07-12T01:28:53.056856+00:00,プログラミング,50,Excel初心者向け計算式の提案,https://nanyo-city.jpn.org/download_prompt/download.php?download=50,no,no
http://www.city.nanyo.yamagata.jp/dxchosei/5793,2026-07-12T01:28:53.056856+00:00,プログラミング,330,ソースコードを分かりやすく解説する,https://nanyo-city.jpn.org/download_prompt/download.php?download=330,no,no
http://www.city.nanyo.yamagata.jp/dxchosei/5793,2026-07-12T01:28:53.056856+00:00,プログラミング,331,ソースコードからの関数仕様書自動生成,https://nanyo-city.jpn.org/download_prompt/download.php?download=331,no,no
http://www.city.nanyo.yamagata.jp/dxchosei/5793,2026-07-12T01:28:53.056856+00:00,プログラミング,508,プログラムコードの可読性向上のための文章化,https://nanyo-city.jpn.org/download_prompt/download.php?download=508,no,no
http://www.city.nanyo.yamagata.jp/dxchosei/5793,2026-07-12T01:28:53.056856+00:00,プログラミング,727,CSVデータでダッシュボード作成,https://nanyo-line.github.io/prompt/727.html,no,no
http://www.city.nanyo.yamagata.jp/dxchosei/5793,2026-07-12T01:28:53.056856+00:00,プログラミング,240,２つのテキスト間の差分を正確に検出する,https://nanyo-city.jpn.org/download_prompt/download.php?download=240,no,no
http://www.city.nanyo.yamagata.jp/dxchosei/5793,2026-07-12T01:28:53.056856+00:00,プログラミング,241,テキスト差分を検証する,https://nanyo-city.jpn.org/download_prompt/download.php?download=241,no,no
http://www.city.nanyo.yamagata.jp/dxchosei/5793,2026-07-12T01:28:53.056856+00:00,プログラミング,286,ユーザー入力テキスト解析,https://nanyo-city.jpn.org/download_prompt/download.php?download=286,no,no
http://www.city.nanyo.yamagata.jp/dxchosei/5793,2026-07-12T01:28:53.056856+00:00,プログラミング,359,二つのWord長文の同一性判定と差異列挙,https://nanyo-city.jpn.org/download_prompt/download.php?download=359,no,no
http://www.city.nanyo.yamagata.jp/dxchosei/5793,2026-07-12T01:28:53.056856+00:00,プログラミング,407,AI生成箇条書きの人間的文章変換（一文一体・改行重視）,https://nanyo-city.jpn.org/download_prompt/download.php?download=407,no,no
http://www.city.nanyo.yamagata.jp/dxchosei/5793,2026-07-12T01:28:53.056856+00:00,プログラミング,724,高精度・文脈依存型OCR,https://nanyo-line.github.io/prompt/724.html,no,no
http://www.city.nanyo.yamagata.jp/dxchosei/5793,2026-07-12T01:28:53.056856+00:00,プログラミング,725,高精度・文脈依存型OCR（訂正・加筆反映）,https://nanyo-line.github.io/prompt/725.html,no,no
http://www.city.nanyo.yamagata.jp/dxchosei/5793,2026-07-12T01:28:53.056856+00:00,プログラミング,274,データ分析における基本的な統計手法の理解と適用,https://nanyo-city.jpn.org/download_prompt/download.php?download=274,no,no
http://www.city.nanyo.yamagata.jp/dxchosei/5793,2026-07-12T01:28:53.056856+00:00,プログラミング,287,長期推論モデルのLLMを活用したデータ分析ワークフローの提案,https://nanyo-city.jpn.org/download_prompt/download.php?download=287,no,no
http://www.city.nanyo.yamagata.jp/dxchosei/5793,2026-07-12T01:28:53.056856+00:00,プログラミング,567,表向きの情報と隠された裏情報を二重構造で推論,https://nanyo-city.jpn.org/download_prompt/download.php?download=567,no,no
http://www.city.nanyo.yamagata.jp/dxchosei/5793,2026-07-12T01:28:53.056856+00:00,プログラミング,568,行×列のマトリックス定義による分析と総合結論プロンプト,https://nanyo-city.jpn.org/download_prompt/download.php?download=568,no,no
http://www.city.nanyo.yamagata.jp/dxchosei/5793,2026-07-12T01:28:53.056856+00:00,プログラミング,569,不確定証拠ドリフトによる仮説検証支援プロンプト,https://nanyo-city.jpn.org/download_prompt/download.php?download=569,no,no
http://www.city.nanyo.yamagata.jp/dxchosei/5793,2026-07-12T01:28:53.056856+00:00,プログラミング,766,自立的論理エンジンプロンプト,https://nanyo-line.github.io/prompt/766.html,no,no
http://www.city.nanyo.yamagata.jp/dxchosei/5793,2026-07-12T01:28:53.056856+00:00,意識改革・スキルアップ,88,AIを活用して自己分析を行う,https://nanyo-city.jpn.org/download_prompt/download.php?download=88,no,no
http://www.city.nanyo.yamagata.jp/dxchosei/5793,2026-07-12T01:28:53.056856+00:00,意識改革・スキルアップ,210,AIを使って自己理解を深化させる,https://nanyo-city.jpn.org/download_prompt/download.php?download=210,no,no
http://www.city.nanyo.yamagata.jp/dxchosei/5793,2026-07-12T01:28:53.056856+00:00,意識改革・スキルアップ,233,ソクラテス式問答法を用いた思考の深化,https://nanyo-city.jpn.org/download_prompt/download.php?download=233,no,no
http://www.city.nanyo.yamagata.jp/dxchosei/5793,2026-07-12T01:28:53.056856+00:00,意識改革・スキルアップ,326,ユーザー理解のためのフィードバック質問生成,https://nanyo-city.jpn.org/download_prompt/download.php?download=326,no,no
http://www.city.nanyo.yamagata.jp/dxchosei/5793,2026-07-12T01:28:53.056856+00:00,意識改革・スキルアップ,335,メタ認知を活用した自己認識向上と能力開発支援,https://nanyo-city.jpn.org/download_prompt/download.php?download=335,no,no
http://www.city.nanyo.yamagata.jp/dxchosei/5793,2026-07-12T01:28:53.056856+00:00,意識改革・スキルアップ,413,if-thenルールを活用した迅速な決断力向上ガイド,https://nanyo-city.jpn.org/download_prompt/download.php?download=413,no,no
http://www.city.nanyo.yamagata.jp/dxchosei/5793,2026-07-12T01:28:53.056856+00:00,意識改革・スキルアップ,497,行動・感情の心理的原因解明プロンプト,https://nanyo-city.jpn.org/download_prompt/download.php?download=497,no,no
http://www.city.nanyo.yamagata.jp/dxchosei/5793,2026-07-12T01:28:53.056856+00:00,意識改革・スキルアップ,509,自己の無意識の偏見を効果的に発見するための具体的な方法提示,https://nanyo-city.jpn.org/download_prompt/download.php?download=509,no,no
http://www.city.nanyo.yamagata.jp/dxchosei/5793,2026-07-12T01:28:53.056856+00:00,意識改革・スキルアップ,525,感情の言語化プロンプト,https://nanyo-city.jpn.org/download_prompt/download.php?download=525,no,no
http://www.city.nanyo.yamagata.jp/dxchosei/5793,2026-07-12T01:28:53.056856+00:00,意識改革・スキルアップ,526,意見の言語化をするプロンプト,https://nanyo-city.jpn.org/download_prompt/download.php?download=526,no,no
http://www.city.nanyo.yamagata.jp/dxchosei/5793,2026-07-12T01:28:53.056856+00:00,意識改革・スキルアップ,64,欠点から長所へ変換し自己肯定感を高める,https://nanyo-city.jpn.org/download_prompt/download.php?download=64,no,no
http://www.city.nanyo.yamagata.jp/dxchosei/5793,2026-07-12T01:28:53.056856+00:00,意識改革・スキルアップ,70,自己肯定感を上げるアドバイスをもらう,https://nanyo-city.jpn.org/download_prompt/download.php?download=70,no,no
http://www.city.nanyo.yamagata.jp/dxchosei/5793,2026-07-12T01:28:53.056856+00:00,意識改革・スキルアップ,71,自分を好きになるアドバイスをもらう,https://nanyo-city.jpn.org/download_prompt/download.php?download=71,no,no
http://www.city.nanyo.yamagata.jp/dxchosei/5793,2026-07-12T01:28:53.056856+00:00,意識改革・スキルアップ,139,モチベーションを向上させる,https://nanyo-city.jpn.org/download_prompt/download.php?download=139,no,no
http://www.city.nanyo.yamagata.jp/dxchosei/5793,2026-07-12T01:28:53.056856+00:00,意識改革・スキルアップ,200,名言を通じて自己成長を促す,https://nanyo-city.jpn.org/download_prompt/download.php?download=200,no,no
http://www.city.nanyo.yamagata.jp/dxchosei/5793,2026-07-12T01:28:53.056856+00:00,意識改革・スキルアップ,533,ユーザー行動の非認知能力を高めるプロンプト,https://nanyo-city.jpn.org/download_prompt/download.php?download=533,no,no
http://www.city.nanyo.yamagata.jp/dxchosei/5793,2026-07-12T01:28:53.056856+00:00,意識改革・スキルアップ,61,何から始めればいいかわからないときの相談,https://nanyo-city.jpn.org/download_prompt/download.php?download=61,no,no
http://www.city.nanyo.yamagata.jp/dxchosei/5793,2026-07-12T01:28:53.056856+00:00,意識改革・スキルアップ,72,自分の思っていることを明文化する,https://nanyo-city.jpn.org/download_prompt/download.php?download=72,no,no
http://www.city.nanyo.yamagata.jp/dxchosei/5793,2026-07-12T01:28:53.056856+00:00,意識改革・スキルアップ,339,心に響いた言葉から自己成長を促すプロンプト,https://nanyo-city.jpn.org/download_prompt/download.php?download=339,no,no
http://www.city.nanyo.yamagata.jp/dxchosei/5793,2026-07-12T01:28:53.056856+00:00,意識改革・スキルアップ,428,マインドセットを行動習慣に変換する,https://nanyo-city.jpn.org/download_prompt/download.php?download=428,no,no
http://www.city.nanyo.yamagata.jp/dxchosei/5793,2026-07-12T01:28:53.056856+00:00,意識改革・スキルアップ,434,識学に基づいた経営判断スキル向上のための意思決定プロセス支援プロンプト,https://nanyo-city.jpn.org/download_prompt/download.php?download=434,no,no
http://www.city.nanyo.yamagata.jp/dxchosei/5793,2026-07-12T01:28:53.056856+00:00,意識改革・スキルアップ,446,趣味を探すヒント発見のプロンプト,https://nanyo-city.jpn.org/download_prompt/download.php?download=446,no,no
http://www.city.nanyo.yamagata.jp/dxchosei/5793,2026-07-12T01:28:53.056856+00:00,意識改革・スキルアップ,527,言語化トレーニングのための連想ゲーム,https://nanyo-city.jpn.org/download_prompt/download.php?download=527,no,no
http://www.city.nanyo.yamagata.jp/dxchosei/5793,2026-07-12T01:28:53.056856+00:00,意識改革・スキルアップ,528,語彙力トレーニングプロンプト,https://nanyo-city.jpn.org/download_prompt/download.php?download=528,no,no
http://www.city.nanyo.yamagata.jp/dxchosei/5793,2026-07-12T01:28:53.056856+00:00,意識改革・スキルアップ,570,段階的明確化プロンプト,https://nanyo-city.jpn.org/download_prompt/download.php?download=570,no,no
http://www.city.nanyo.yamagata.jp/dxchosei/5793,2026-07-12T01:28:53.056856+00:00,意識改革・スキルアップ,674,意思決定支援のためのコグニティブ・デザイン（認知設計）,https://nanyo-line.github.io/prompt/674.html,no,no
http://www.city.nanyo.yamagata.jp/dxchosei/5793,2026-07-12T01:28:53.056856+00:00,意識改革・スキルアップ,677,AI使いすぎで思考力低下を防ぐための思考トレーニングプロンプト,https://nanyo-line.github.io/prompt/677.html,no,no
http://www.city.nanyo.yamagata.jp/dxchosei/5793,2026-07-12T01:28:53.056856+00:00,意識改革・スキルアップ,719,起案（稟議）力トレーニング,https://nanyo-line.github.io/prompt/719.html,no,no
http://www.city.nanyo.yamagata.jp/dxchosei/5793,2026-07-12T01:28:53.056856+00:00,意識改革・スキルアップ,778,意思決定を加速させる選択肢比較・リスク整理テンプレ作成,https://nanyo-line.github.io/prompt/778.html,no,no
http://www.city.nanyo.yamagata.jp/dxchosei/5793,2026-07-12T01:28:53.056856+00:00,意識改革・スキルアップ,823,多角的視点統合による高次元意思決定支援,https://nanyo-line.github.io/prompt/823.html,no,no
http://www.city.nanyo.yamagata.jp/dxchosei/5793,2026-07-12T01:28:53.056856+00:00,意識改革・スキルアップ,77,個別最適化されたリスキリング提案,https://nanyo-city.jpn.org/download_prompt/download.php?download=77,no,no
http://www.city.nanyo.yamagata.jp/dxchosei/5793,2026-07-12T01:28:53.056856+00:00,意識改革・スキルアップ,87,未来のキャリアビジョンを考える,https://nanyo-city.jpn.org/download_prompt/download.php?download=87,no,no
http://www.city.nanyo.yamagata.jp/dxchosei/5793,2026-07-12T01:28:53.056856+00:00,意識改革・スキルアップ,116,目標設定シートを作る,https://nanyo-city.jpn.org/download_prompt/download.php?download=116,no,no
http://www.city.nanyo.yamagata.jp/dxchosei/5793,2026-07-12T01:28:53.056856+00:00,意識改革・スキルアップ,117,自己評価用シートを作る,https://nanyo-city.jpn.org/download_prompt/download.php?download=117,no,no
http://www.city.nanyo.yamagata.jp/dxchosei/5793,2026-07-12T01:28:53.056856+00:00,意識改革・スキルアップ,362,キャリア変革RPG：自己成長クエスト,https://nanyo-city.jpn.org/download_prompt/download.php?download=362,no,no
http://www.city.nanyo.yamagata.jp/dxchosei/5793,2026-07-12T01:28:53.056856+00:00,意識改革・スキルアップ,439,資格一発合格学習カリキュラム作成,https://nanyo-city.jpn.org/download_prompt/download.php?download=439,no,no
http://www.city.nanyo.yamagata.jp/dxchosei/5793,2026-07-12T01:28:53.056856+00:00,意識改革・スキルアップ,466,個人業績目標および上位職へのステップアップ計画作成,https://nanyo-city.jpn.org/download_prompt/download.php?download=466,no,no
http://www.city.nanyo.yamagata.jp/dxchosei/5793,2026-07-12T01:28:53.056856+00:00,意識改革・スキルアップ,603,働く女性ネットワーク活性化戦略策定,https://nanyo-city.jpn.org/download_prompt/download.php?download=603,no,no
http://www.city.nanyo.yamagata.jp/dxchosei/5793,2026-07-12T01:28:53.056856+00:00,意識改革・スキルアップ,732,人生をもっと楽しくするための“人生の攻略本”作成,https://nanyo-line.github.io/prompt/732.html,no,no
http://www.city.nanyo.yamagata.jp/dxchosei/5793,2026-07-12T01:28:53.056856+00:00,意識改革・スキルアップ,769,キャリアアーキテクト・応募書類作成,https://nanyo-line.github.io/prompt/769.html,no,no
http://www.city.nanyo.yamagata.jp/dxchosei/5793,2026-07-12T01:28:53.056856+00:00,意識改革・スキルアップ,812,MBTI深層心理マッピングとキャリア開発ガイド,https://nanyo-line.github.io/prompt/812.html,no,no
http://www.city.nanyo.yamagata.jp/dxchosei/5793,2026-07-12T01:28:53.056856+00:00,意識改革・スキルアップ,65,つまらない言葉を面白くする,https://nanyo-city.jpn.org/download_prompt/download.php?download=65,no,no
http://www.city.nanyo.yamagata.jp/dxchosei/5793,2026-07-12T01:28:53.056856+00:00,意識改革・スキルアップ,150,アドラー心理学を活用して人間関係を改善する,https://nanyo-city.jpn.org/download_prompt/download.php?download=150,no,no
http://www.city.nanyo.yamagata.jp/dxchosei/5793,2026-07-12T01:28:53.056856+00:00,意識改革・スキルアップ,157,顧客交渉スキル向上のためのシナリオシミュレーション,https://nanyo-city.jpn.org/download_prompt/download.php?download=157,no,no
http://www.city.nanyo.yamagata.jp/dxchosei/5793,2026-07-12T01:28:53.056856+00:00,意識改革・スキルアップ,169,第一印象を良くするための自己紹介の練習,https://nanyo-city.jpn.org/download_prompt/download.php?download=169,no,no
http://www.city.nanyo.yamagata.jp/dxchosei/5793,2026-07-12T01:28:53.056856+00:00,意識改革・スキルアップ,308,持続可能なモチベーション向上施策の提案,https://nanyo-city.jpn.org/download_prompt/download.php?download=308,no,no
http://www.city.nanyo.yamagata.jp/dxchosei/5793,2026-07-12T01:28:53.056856+00:00,意識改革・スキルアップ,309,モチベーション向上ヒント集の作成,https://nanyo-city.jpn.org/download_prompt/download.php?download=309,no,no
http://www.city.nanyo.yamagata.jp/dxchosei/5793,2026-07-12T01:28:53.056856+00:00,意識改革・スキルアップ,448,裏の意図を察し、間接的に表現するAI,https://nanyo-city.jpn.org/download_prompt/download.php?download=448,no,no
http://www.city.nanyo.yamagata.jp/dxchosei/5793,2026-07-12T01:28:53.056856+00:00,意識改革・スキルアップ,543,ペンドルトン型フィードバックによる対話シミュレーション,https://nanyo-city.jpn.org/download_prompt/download.php?download=543,no,no
http://www.city.nanyo.yamagata.jp/dxchosei/5793,2026-07-12T01:28:53.056856+00:00,意識改革・スキルアップ,821,「何を聞けばいいかわからない」対話設計プロンプト,https://nanyo-line.github.io/prompt/821.html,no,no
http://www.city.nanyo.yamagata.jp/dxchosei/5793,2026-07-12T01:28:53.056856+00:00,意識改革・スキルアップ,62,リスクを先読みしてトラブルを未然に防ぐ,https://nanyo-city.jpn.org/download_prompt/download.php?download=62,no,no
http://www.city.nanyo.yamagata.jp/dxchosei/5793,2026-07-12T01:28:53.056856+00:00,意識改革・スキルアップ,188,補助金申請におけるリスクマネジメント分析,https://nanyo-city.jpn.org/download_prompt/download.php?download=188,no,no
http://www.city.nanyo.yamagata.jp/dxchosei/5793,2026-07-12T01:28:53.056856+00:00,意識改革・スキルアップ,224,作業危険予知シート作成,https://nanyo-city.jpn.org/download_prompt/download.php?download=224,no,no
http://www.city.nanyo.yamagata.jp/dxchosei/5793,2026-07-12T01:28:53.056856+00:00,意識改革・スキルアップ,271,生成AIを活用したリスク管理簿と対応マニュアルの自動生成,https://nanyo-city.jpn.org/download_prompt/download.php?download=271,no,no
http://www.city.nanyo.yamagata.jp/dxchosei/5793,2026-07-12T01:28:53.056856+00:00,意識改革・スキルアップ,549,契約書リスク分析と不利条項特定プロンプト,https://nanyo-city.jpn.org/download_prompt/download.php?download=549,no,no
http://www.city.nanyo.yamagata.jp/dxchosei/5793,2026-07-12T01:28:53.056856+00:00,意識改革・スキルアップ,642,リスクアセスメント：新技術導入の網羅的評価と経営提言,https://nanyo-city.jpn.org/download_prompt/download.php?download=642,no,no
http://www.city.nanyo.yamagata.jp/dxchosei/5793,2026-07-12T01:28:53.056856+00:00,意識改革・スキルアップ,742,生成AIによる欠陥予防マトリックス分析,https://nanyo-line.github.io/prompt/742.html,no,no
http://www.city.nanyo.yamagata.jp/dxchosei/5793,2026-07-12T01:28:53.056856+00:00,意識改革・スキルアップ,792,危険予測トレーニング（画像生成型）：視覚的リスク察知能力を高める,https://nanyo-line.github.io/prompt/792.html,no,no
http://www.city.nanyo.yamagata.jp/dxchosei/5793,2026-07-12T01:28:53.056856+00:00,その他,220,税制改正情報提供,https://nanyo-city.jpn.org/download_prompt/download.php?download=220,no,no
http://www.city.nanyo.yamagata.jp/dxchosei/5793,2026-07-12T01:28:53.056856+00:00,その他,243,生成AIによる条例改正案審査,https://nanyo-city.jpn.org/download_prompt/download.php?download=243,no,no
http://www.city.nanyo.yamagata.jp/dxchosei/5793,2026-07-12T01:28:53.056856+00:00,その他,248,監査業務の不備指示書の作成,https://nanyo-city.jpn.org/download_prompt/download.php?download=248,no,no
http://www.city.nanyo.yamagata.jp/dxchosei/5793,2026-07-12T01:28:53.056856+00:00,その他,262,法令遵守チェックレポート自動生成,https://nanyo-city.jpn.org/download_prompt/download.php?download=262,no,no
http://www.city.nanyo.yamagata.jp/dxchosei/5793,2026-07-12T01:28:53.056856+00:00,その他,297,裁判例を解釈してもらう,https://nanyo-city.jpn.org/download_prompt/download.php?download=297,no,no
http://www.city.nanyo.yamagata.jp/dxchosei/5793,2026-07-12T01:28:53.056856+00:00,その他,425,監査における事前チェック強化と管理監督者への効果的なフィードバック,https://nanyo-city.jpn.org/download_prompt/download.php?download=425,no,no
http://www.city.nanyo.yamagata.jp/dxchosei/5793,2026-07-12T01:28:53.056856+00:00,その他,501,関係法令対応チェック＆修正文生成,https://nanyo-city.jpn.org/download_prompt/download.php?download=501,no,no
http://www.city.nanyo.yamagata.jp/dxchosei/5793,2026-07-12T01:28:53.056856+00:00,その他,782,市民共感型・行政法務イノベーション,https://nanyo-line.github.io/prompt/782.html,no,no
http://www.city.nanyo.yamagata.jp/dxchosei/5793,2026-07-12T01:28:53.056856+00:00,その他,790,定例監査データベースに基づく組織リスク総括・深掘り分析,https://nanyo-line.github.io/prompt/790.html,no,no
http://www.city.nanyo.yamagata.jp/dxchosei/5793,2026-07-12T01:28:53.056856+00:00,その他,817,定例監査疑義照会リスク分析・事例参照,https://nanyo-line.github.io/prompt/817.html,no,no
http://www.city.nanyo.yamagata.jp/dxchosei/5793,2026-07-12T01:28:53.056856+00:00,その他,226,職場朝礼用スピーチ原稿の作成,https://nanyo-city.jpn.org/download_prompt/download.php?download=226,no,no
http://www.city.nanyo.yamagata.jp/dxchosei/5793,2026-07-12T01:28:53.056856+00:00,その他,250,効果的な質問集の生成と文章校正スキル向上,https://nanyo-city.jpn.org/download_prompt/download.php?download=250,no,no
http://www.city.nanyo.yamagata.jp/dxchosei/5793,2026-07-12T01:28:53.056856+00:00,その他,259,業務の引継ぎ文書の作成,https://nanyo-city.jpn.org/download_prompt/download.php?download=259,no,no
http://www.city.nanyo.yamagata.jp/dxchosei/5793,2026-07-12T01:28:53.056856+00:00,その他,260,起案（稟議）に際しての伺い文面作成,https://nanyo-city.jpn.org/download_prompt/download.php?download=260,no,no
http://www.city.nanyo.yamagata.jp/dxchosei/5793,2026-07-12T01:28:53.056856+00:00,その他,264,手続き書類受付処理マニュアルの作成,https://nanyo-city.jpn.org/download_prompt/download.php?download=264,no,no
http://www.city.nanyo.yamagata.jp/dxchosei/5793,2026-07-12T01:28:53.056856+00:00,その他,282,業務効率向上ツール導入のための稟議書作成,https://nanyo-city.jpn.org/download_prompt/download.php?download=282,no,no
http://www.city.nanyo.yamagata.jp/dxchosei/5793,2026-07-12T01:28:53.056856+00:00,その他,303,効率的な業務連絡文の作成,https://nanyo-city.jpn.org/download_prompt/download.php?download=303,no,no
http://www.city.nanyo.yamagata.jp/dxchosei/5793,2026-07-12T01:28:53.056856+00:00,その他,315,業種別DX推進ロードマップ作成ガイド,https://nanyo-city.jpn.org/download_prompt/download.php?download=315,no,no
http://www.city.nanyo.yamagata.jp/dxchosei/5793,2026-07-12T01:28:53.056856+00:00,その他,322,公用文の送り仮名チェックと修正,https://nanyo-city.jpn.org/download_prompt/download.php?download=322,no,no
http://www.city.nanyo.yamagata.jp/dxchosei/5793,2026-07-12T01:28:53.056856+00:00,その他,345,業務システム導入のための提案依頼書（RFP）作成,https://nanyo-city.jpn.org/download_prompt/download.php?download=345,no,no
http://www.city.nanyo.yamagata.jp/dxchosei/5793,2026-07-12T01:28:53.056856+00:00,その他,431,プロポーザル提案書評価AI,https://nanyo-city.jpn.org/download_prompt/download.php?download=431,no,no
http://www.city.nanyo.yamagata.jp/dxchosei/5793,2026-07-12T01:28:53.056856+00:00,その他,436,補助金を調べるプロンプト,https://nanyo-city.jpn.org/download_prompt/download.php?download=436,no,no
http://www.city.nanyo.yamagata.jp/dxchosei/5793,2026-07-12T01:28:53.056856+00:00,その他,443,行政プロポーザル企画提案書構成案作成支援,https://nanyo-city.jpn.org/download_prompt/download.php?download=443,no,no
http://www.city.nanyo.yamagata.jp/dxchosei/5793,2026-07-12T01:28:53.056856+00:00,その他,478,業務マニュアル作成・更新支援,https://nanyo-city.jpn.org/download_prompt/download.php?download=478,no,no
http://www.city.nanyo.yamagata.jp/dxchosei/5793,2026-07-12T01:28:53.056856+00:00,その他,499,業務マニュアル要約と構造化分析,https://nanyo-city.jpn.org/download_prompt/download.php?download=499,no,no
http://www.city.nanyo.yamagata.jp/dxchosei/5793,2026-07-12T01:28:53.056856+00:00,その他,517,決算審査のための財務の増減分析レポート,https://nanyo-city.jpn.org/download_prompt/download.php?download=517,no,no
http://www.city.nanyo.yamagata.jp/dxchosei/5793,2026-07-12T01:28:53.056856+00:00,その他,542,業務効率化を支援するツール選定プロンプト,https://nanyo-city.jpn.org/download_prompt/download.php?download=542,no,no
http://www.city.nanyo.yamagata.jp/dxchosei/5793,2026-07-12T01:28:53.056856+00:00,その他,560,自治体政策文書から特定テーマの要約作成,https://nanyo-city.jpn.org/download_prompt/download.php?download=560,no,no
http://www.city.nanyo.yamagata.jp/dxchosei/5793,2026-07-12T01:28:53.056856+00:00,その他,588,アナログ規制の特定とデジタル原則に適合した改善案生成プロンプト,https://nanyo-city.jpn.org/download_prompt/download.php?download=588,no,no
http://www.city.nanyo.yamagata.jp/dxchosei/5793,2026-07-12T01:28:53.056856+00:00,その他,653,自治体Webサイト分かりやすさ改善提案,https://nanyo-city.jpn.org/download_prompt/download.php?download=653,no,no
http://www.city.nanyo.yamagata.jp/dxchosei/5793,2026-07-12T01:28:53.056856+00:00,その他,659,DXプロジェクト共通理解のための実践用語解説書作成,https://nanyo-line.github.io/prompt/659.html,no,no
http://www.city.nanyo.yamagata.jp/dxchosei/5793,2026-07-12T01:28:53.056856+00:00,その他,701,基礎自治体用の補助金を調べる,https://nanyo-line.github.io/prompt/701.html,no,no
http://www.city.nanyo.yamagata.jp/dxchosei/5793,2026-07-12T01:28:53.056856+00:00,その他,816,自治体決算審査アドバイザー,https://nanyo-line.github.io/prompt/816.html,no,no
http://www.city.nanyo.yamagata.jp/dxchosei/5793,2026-07-12T01:28:53.056856+00:00,その他,818,既存マニュアルを標準化する,https://nanyo-line.github.io/prompt/818.html,no,no
http://www.city.nanyo.yamagata.jp/dxchosei/5793,2026-07-12T01:28:53.056856+00:00,その他,604,自治体業務全般：課題解決型先進事例リサーチ,https://nanyo-city.jpn.org/download_prompt/download.php?download=604,no,no
http://www.city.nanyo.yamagata.jp/dxchosei/5793,2026-07-12T01:28:53.056856+00:00,その他,607,自治体先進事例リサーチ（#604改）,https://nanyo-city.jpn.org/download_prompt/download.php?download=607,no,no
http://www.city.nanyo.yamagata.jp/dxchosei/5793,2026-07-12T01:28:53.056856+00:00,その他,251,消防訓練計画報告書の作成,https://nanyo-city.jpn.org/download_prompt/download.php?download=251,no,no
http://www.city.nanyo.yamagata.jp/dxchosei/5793,2026-07-12T01:28:53.056856+00:00,その他,255,生成AIを活用した防災意識の向上,https://nanyo-city.jpn.org/download_prompt/download.php?download=255,no,no
http://www.city.nanyo.yamagata.jp/dxchosei/5793,2026-07-12T01:28:53.056856+00:00,その他,263,戦略的インフラ修繕計画書の作成,https://nanyo-city.jpn.org/download_prompt/download.php?download=263,no,no
http://www.city.nanyo.yamagata.jp/dxchosei/5793,2026-07-12T01:28:53.056856+00:00,その他,814,災害現場写真・メタ情報解析,https://nanyo-line.github.io/prompt/814.html,no,no
http://www.city.nanyo.yamagata.jp/dxchosei/5793,2026-07-12T01:28:53.056856+00:00,その他,324,組織の人材育成と風土改革提案,https://nanyo-city.jpn.org/download_prompt/download.php?download=324,no,no
http://www.city.nanyo.yamagata.jp/dxchosei/5793,2026-07-12T01:28:53.056856+00:00,その他,591,人事労務担当者のための面談報告書作成プロンプト,https://nanyo-city.jpn.org/download_prompt/download.php?download=591,no,no
http://www.city.nanyo.yamagata.jp/dxchosei/5793,2026-07-12T01:28:53.056856+00:00,その他,595,候補者の深層的な適性を見極めるための採用面接質問リスト作成,https://nanyo-city.jpn.org/download_prompt/download.php?download=595,no,no
http://www.city.nanyo.yamagata.jp/dxchosei/5793,2026-07-12T01:28:53.056856+00:00,その他,630,面談記録の構造化要約と要点抽出プロンプト,https://nanyo-city.jpn.org/download_prompt/download.php?download=630,no,no
http://www.city.nanyo.yamagata.jp/dxchosei/5793,2026-07-12T01:28:53.056856+00:00,その他,794,戦略的採用ペルソナ・要件定義プロンプト,https://nanyo-line.github.io/prompt/794.html,no,no
http://www.city.nanyo.yamagata.jp/dxchosei/5793,2026-07-12T01:28:53.056856+00:00,その他,270,他の地方自治体からの質問に対する、自身の自治体の取り組み状況の説明,https://nanyo-city.jpn.org/download_prompt/download.php?download=270,no,no
http://www.city.nanyo.yamagata.jp/dxchosei/5793,2026-07-12T01:28:53.056856+00:00,その他,447,アップロード写真の情緒的な解説文・タイトル・構図提案生成,https://nanyo-city.jpn.org/download_prompt/download.php?download=447,no,no
http://www.city.nanyo.yamagata.jp/dxchosei/5793,2026-07-12T01:28:53.056856+00:00,その他,650,【社内利用促進】新機能アップデート情報,https://nanyo-city.jpn.org/download_prompt/download.php?download=650,no,no
http://www.city.nanyo.yamagata.jp/dxchosei/5793,2026-07-12T01:28:53.056856+00:00,その他,227,業務用イラスト(ピクトグラム)作成,https://nanyo-city.jpn.org/download_prompt/download.php?download=227,no,no
http://www.city.nanyo.yamagata.jp/dxchosei/5793,2026-07-12T01:28:53.056856+00:00,その他,453,AIによる絵画作品の公平性審査プロンプト,https://nanyo-city.jpn.org/download_prompt/download.php?download=453,no,no
http://www.city.nanyo.yamagata.jp/dxchosei/5793,2026-07-12T01:28:53.056856+00:00,その他,490,コンテンツ（歌詞や本の内容）からのイラストアイデア生成,https://nanyo-city.jpn.org/download_prompt/download.php?download=490,no,no
http://www.city.nanyo.yamagata.jp/dxchosei/5793,2026-07-12T01:28:53.056856+00:00,その他,503,既存資料のデザイン分析とガイドライン作成,https://nanyo-city.jpn.org/download_prompt/download.php?download=503,no,no
http://www.city.nanyo.yamagata.jp/dxchosei/5793,2026-07-12T01:28:53.056856+00:00,その他,575,テキストの雰囲気から象徴的な画像と背景を創出する,https://nanyo-city.jpn.org/download_prompt/download.php?download=575,no,no
http://www.city.nanyo.yamagata.jp/dxchosei/5793,2026-07-12T01:28:53.056856+00:00,その他,596,ビジュアル創造プロンプト拡張,https://nanyo-city.jpn.org/download_prompt/download.php?download=596,no,no
http://www.city.nanyo.yamagata.jp/dxchosei/5793,2026-07-12T01:28:53.056856+00:00,その他,655,画像生成AIのための情緒的ストーリーテリングプロンプト,https://nanyo-city.jpn.org/download_prompt/download.php?download=655,no,no
http://www.city.nanyo.yamagata.jp/dxchosei/5793,2026-07-12T01:28:53.056856+00:00,その他,685,情景描写プロンプト：言語化の筋力を鍛える3ステップ,https://nanyo-line.github.io/prompt/685.html,no,no
http://www.city.nanyo.yamagata.jp/dxchosei/5793,2026-07-12T01:28:53.056856+00:00,その他,505,画像スタイル・トーン模倣画像生成,https://nanyo-city.jpn.org/download_prompt/download.php?download=505,no,no
http://www.city.nanyo.yamagata.jp/dxchosei/5793,2026-07-12T01:28:53.056856+00:00,その他,590,参照画像の本質を捉えた新規画像生成プロンプト,https://nanyo-city.jpn.org/download_prompt/download.php?download=590,no,no
http://www.city.nanyo.yamagata.jp/dxchosei/5793,2026-07-12T01:28:53.056856+00:00,その他,661,画像特徴分析に基づく 日本アニメ風2～3頭身デフォルメアバター生成,https://nanyo-line.github.io/prompt/661.html,no,no
http://www.city.nanyo.yamagata.jp/dxchosei/5793,2026-07-12T01:28:53.056856+00:00,その他,686,1枚の素材から20カットを作成する,https://nanyo-line.github.io/prompt/686.html,no,no
http://www.city.nanyo.yamagata.jp/dxchosei/5793,2026-07-12T01:28:53.056856+00:00,その他,713,画像編集（エレメントの削除）,https://nanyo-line.github.io/prompt/713.html,no,no
http://www.city.nanyo.yamagata.jp/dxchosei/5793,2026-07-12T01:28:53.056856+00:00,その他,714,画像編集（背景の編集）,https://nanyo-line.github.io/prompt/714.html,no,no
http://www.city.nanyo.yamagata.jp/dxchosei/5793,2026-07-12T01:28:53.056856+00:00,その他,715,ストーリーを作り画像を合成する,https://nanyo-line.github.io/prompt/715.html,no,no
http://www.city.nanyo.yamagata.jp/dxchosei/5793,2026-07-12T01:28:53.056856+00:00,その他,664,グラレコ風資料設計プロンプト,https://nanyo-line.github.io/prompt/664.html,no,no
http://www.city.nanyo.yamagata.jp/dxchosei/5793,2026-07-12T01:28:53.056856+00:00,その他,665,ホワイトボード風資料設計プロンプト,https://nanyo-line.github.io/prompt/665.html,no,no
http://www.city.nanyo.yamagata.jp/dxchosei/5793,2026-07-12T01:28:53.056856+00:00,その他,666,【霞が関ポンチ絵風】政策・事業の視覚化プロンプト,https://nanyo-line.github.io/prompt/666.html,no,no
http://www.city.nanyo.yamagata.jp/dxchosei/5793,2026-07-12T01:28:53.056856+00:00,その他,676,神ノート風設計図（勉強ノート／思考ノート,https://nanyo-line.github.io/prompt/676.html,no,no
http://www.city.nanyo.yamagata.jp/dxchosei/5793,2026-07-12T01:28:53.056856+00:00,その他,679,Nano Banana Pro用画風変換プロンプト,https://nanyo-line.github.io/prompt/679.html,no,no
http://www.city.nanyo.yamagata.jp/dxchosei/5793,2026-07-12T01:28:53.056856+00:00,その他,680,画像内の日本語テキストの修正と高画質化,https://nanyo-line.github.io/prompt/680.html,no,no
http://www.city.nanyo.yamagata.jp/dxchosei/5793,2026-07-12T01:28:53.056856+00:00,その他,681,アイソメトリックなピクト図解,https://nanyo-line.github.io/prompt/681.html,no,no
http://www.city.nanyo.yamagata.jp/dxchosei/5793,2026-07-12T01:28:53.056856+00:00,その他,682,説明用ビジュアルコンテンツ生成,https://nanyo-line.github.io/prompt/682.html,no,no
http://www.city.nanyo.yamagata.jp/dxchosei/5793,2026-07-12T01:28:53.056856+00:00,その他,705,NanoBanana画像生成・構成デザインプロンプト,https://nanyo-line.github.io/prompt/705.html,no,no
http://www.city.nanyo.yamagata.jp/dxchosei/5793,2026-07-12T01:28:53.056856+00:00,その他,712,視線誘導と感情の連鎖を生む「究極の4コマ漫画制作」,https://nanyo-line.github.io/prompt/712.html,no,no
http://www.city.nanyo.yamagata.jp/dxchosei/5793,2026-07-12T01:28:53.056856+00:00,その他,797,小学生向け可愛い４コマ漫画クリエイター,https://nanyo-line.github.io/prompt/797.html,no,no
http://www.city.nanyo.yamagata.jp/dxchosei/5793,2026-07-12T01:28:53.056856+00:00,その他,753,NoteBookLM用戦略的ナレッジ統合・課題解決プロンプト,https://nanyo-line.github.io/prompt/753.html,no,no
http://www.city.nanyo.yamagata.jp/dxchosei/5793,2026-07-12T01:28:53.056856+00:00,その他,758,NotebookLM用戦略的プレゼン・アーキテクト「プレゼン設計の黄金比」,https://nanyo-line.github.io/prompt/758.html,no,no
http://www.city.nanyo.yamagata.jp/dxchosei/5793,2026-07-12T01:28:53.056856+00:00,その他,776,NotebookLM用レガシー・フォーマルスライド構成案生成,https://nanyo-line.github.io/prompt/776.html,no,no
http://www.city.nanyo.yamagata.jp/dxchosei/5793,2026-07-12T01:28:53.056856+00:00,その他,765,音楽生成用プロンプト,https://nanyo-line.github.io/prompt/765.html,no,no
http://www.city.nanyo.yamagata.jp/dxchosei/5793,2026-07-12T01:28:53.056856+00:00,その他,16,議会用の想定質問（簡単）,https://nanyo-city.jpn.org/download_prompt/download.php?download=16,no,no
http://www.city.nanyo.yamagata.jp/dxchosei/5793,2026-07-12T01:28:53.056856+00:00,その他,17,議会用の想定質問を考える（詳細）,https://nanyo-city.jpn.org/download_prompt/download.php?download=17,no,no
http://www.city.nanyo.yamagata.jp/dxchosei/5793,2026-07-12T01:28:53.056856+00:00,その他,23,３か年等事業計画概要書作成,https://nanyo-city.jpn.org/download_prompt/download.php?download=23,no,no
http://www.city.nanyo.yamagata.jp/dxchosei/5793,2026-07-12T01:28:53.056856+00:00,その他,461,議員ヒアリング用「聞くこと」リストアップ,https://nanyo-city.jpn.org/download_prompt/download.php?download=461,no,no
http://www.city.nanyo.yamagata.jp/dxchosei/5793,2026-07-12T01:28:53.056856+00:00,その他,462,議会質疑応答準備支援,https://nanyo-city.jpn.org/download_prompt/download.php?download=462,no,no
http://www.city.nanyo.yamagata.jp/dxchosei/5793,2026-07-12T01:28:53.056856+00:00,その他,469,議会答弁のたたき台作成（現状⇒取組状況⇒今後の方針）,https://nanyo-city.jpn.org/download_prompt/download.php?download=469,no,no
http://www.city.nanyo.yamagata.jp/dxchosei/5793,2026-07-12T01:28:53.056856+00:00,その他,471,議会の議事録整理と再構成,https://nanyo-city.jpn.org/download_prompt/download.php?download=471,no,no
http://www.city.nanyo.yamagata.jp/dxchosei/5793,2026-07-12T01:28:53.056856+00:00,その他,472,議員への政策説明資料を作成する,https://nanyo-city.jpn.org/download_prompt/download.php?download=472,no,no
http://www.city.nanyo.yamagata.jp/dxchosei/5793,2026-07-12T01:28:53.056856+00:00,その他,640,[行政視察向け] 事業説明スライド構成・ビジュアル案策定,https://nanyo-city.jpn.org/download_prompt/download.php?download=640,no,no
http://www.city.nanyo.yamagata.jp/dxchosei/5793,2026-07-12T01:28:53.056856+00:00,その他,716,議会質疑応答・戦略的想定問答作成,https://nanyo-line.github.io/prompt/716.html,no,no
http://www.city.nanyo.yamagata.jp/dxchosei/5793,2026-07-12T01:28:53.056856+00:00,その他,762,質問原稿・意見書作成支援,https://nanyo-line.github.io/prompt/762.html,no,no
http://www.city.nanyo.yamagata.jp/dxchosei/5793,2026-07-12T01:28:53.056856+00:00,その他,763,「政策×改善」戦略設計,https://nanyo-line.github.io/prompt/763.html,no,no
http://www.city.nanyo.yamagata.jp/dxchosei/5793,2026-07-12T01:28:53.056856+00:00,その他,807,視察用の説明口述書を作成する,https://nanyo-line.github.io/prompt/807.html,no,no
http://www.city.nanyo.yamagata.jp/dxchosei/5793,2026-07-12T01:28:53.056856+00:00,その他,810,議会一般質問「質問要旨・導入文」作成,https://nanyo-line.github.io/prompt/810.html,no,no
http://www.city.nanyo.yamagata.jp/dxchosei/5793,2026-07-12T01:28:53.056856+00:00,その他,811,政策影響予測シミュレーター,https://nanyo-line.github.io/prompt/811.html,no,no
http://www.city.nanyo.yamagata.jp/dxchosei/5793,2026-07-12T01:28:53.056856+00:00,その他,196,職員教育体制強化の提案書を作る,https://nanyo-city.jpn.org/download_prompt/download.php?download=196,no,no
http://www.city.nanyo.yamagata.jp/dxchosei/5793,2026-07-12T01:28:53.056856+00:00,その他,261,分野別学習ステップガイドラインの提供,https://nanyo-city.jpn.org/download_prompt/download.php?download=261,no,no
http://www.city.nanyo.yamagata.jp/dxchosei/5793,2026-07-12T01:28:53.056856+00:00,その他,298,若手リーダーのためのリーダーシップ改善計画策定,https://nanyo-city.jpn.org/download_prompt/download.php?download=298,no,no
http://www.city.nanyo.yamagata.jp/dxchosei/5793,2026-07-12T01:28:53.056856+00:00,その他,631,非技術職向け実践型学習資料作成プロンプト,https://nanyo-city.jpn.org/download_prompt/download.php?download=631,no,no
http://www.city.nanyo.yamagata.jp/dxchosei/5793,2026-07-12T01:28:53.056856+00:00,その他,123,健康管理促進プロンプト,https://nanyo-city.jpn.org/download_prompt/download.php?download=123,no,no
http://www.city.nanyo.yamagata.jp/dxchosei/5793,2026-07-12T01:28:53.056856+00:00,その他,131,健康管理サポート,https://nanyo-city.jpn.org/download_prompt/download.php?download=131,no,no
http://www.city.nanyo.yamagata.jp/dxchosei/5793,2026-07-12T01:28:53.056856+00:00,その他,136,30日間個別化健康改善プラン作成,https://nanyo-city.jpn.org/download_prompt/download.php?download=136,no,no
http://www.city.nanyo.yamagata.jp/dxchosei/5793,2026-07-12T01:28:53.056856+00:00,その他,350,人生100年時代を健康的に過ごすためのライフスタイルと課題の解決,https://nanyo-city.jpn.org/download_prompt/download.php?download=350,no,no
http://www.city.nanyo.yamagata.jp/dxchosei/5793,2026-07-12T01:28:53.056856+00:00,その他,84,ストレスマネジメントプログラムを提案する,https://nanyo-city.jpn.org/download_prompt/download.php?download=84,no,no
http://www.city.nanyo.yamagata.jp/dxchosei/5793,2026-07-12T01:28:53.056856+00:00,その他,86,アンガーマネジメントプログラムの提案によるストレス管理サポート,https://nanyo-city.jpn.org/download_prompt/download.php?download=86,no,no
http://www.city.nanyo.yamagata.jp/dxchosei/5793,2026-07-12T01:28:53.056856+00:00,その他,141,ユーザーのストレス解消を支援する,https://nanyo-city.jpn.org/download_prompt/download.php?download=141,no,no
http://www.city.nanyo.yamagata.jp/dxchosei/5793,2026-07-12T01:28:53.056856+00:00,その他,142,SNS安全使用のためのセキュリティアドバイス,https://nanyo-city.jpn.org/download_prompt/download.php?download=142,no,no
http://www.city.nanyo.yamagata.jp/dxchosei/5793,2026-07-12T01:28:53.056856+00:00,その他,281,組織向け情報セキュリティポリシー改訂支援,https://nanyo-city.jpn.org/download_prompt/download.php?download=281,no,no
http://www.city.nanyo.yamagata.jp/dxchosei/5793,2026-07-12T01:28:53.056856+00:00,その他,328,汎用的な障害報告書,https://nanyo-city.jpn.org/download_prompt/download.php?download=328,no,no
http://www.city.nanyo.yamagata.jp/dxchosei/5793,2026-07-12T01:28:53.056856+00:00,その他,73,AIを使ってトラブルの原因を切り分ける,https://nanyo-city.jpn.org/download_prompt/download.php?download=73,no,no
http://www.city.nanyo.yamagata.jp/dxchosei/5793,2026-07-12T01:28:53.056856+00:00,その他,168,人間関係の悩み事を収集する,https://nanyo-city.jpn.org/download_prompt/download.php?download=168,no,no
